sample_id	stage	relative_path	file_name	bytes	sha256	status
ERR1713331	FASTP	FASTP/ERR1713331/ERR1713331.fastp.json	ERR1713331.fastp.json	142842	26734f1c669349a4db7bf9be43101283a87c3b72b67aa3fe33ccc6f4acb66d3f	PASS
ERR1713332	FASTP	FASTP/ERR1713332/ERR1713332.fastp.json	ERR1713332.fastp.json	141946	93d3ab3a5a47735fcf7b51537186b20b3cfdabf6414ef259cf46c48d0deece17	PASS
ERR1713334	FASTP	FASTP/ERR1713334/ERR1713334.fastp.json	ERR1713334.fastp.json	142162	05851a7a1b10f52dc6f30f838a7eaa2e35ac511e8eb91f46430d0de0c5246d1f	PASS
ERR1713337	FASTP	FASTP/ERR1713337/ERR1713337.fastp.json	ERR1713337.fastp.json	142836	9038a785855ce54b066be28c6cc6cfd2c89e36498db302b29213f1e288371930	PASS
ERR1713339	FASTP	FASTP/ERR1713339/ERR1713339.fastp.json	ERR1713339.fastp.json	136495	74c36c7e8686c6188e1b5c3189afd3ca8866d5c05fa83532cad90f0529033b2b	PASS
ERR1713344	FASTP	FASTP/ERR1713344/ERR1713344.fastp.json	ERR1713344.fastp.json	142967	e52bc105e8c2e8f693b0e098e21d9561d2590b549c764de63edbb25f92deaf4a	PASS
ERR1725947	FASTP	FASTP/ERR1725947/ERR1725947.fastp.json	ERR1725947.fastp.json	140112	39b7940ae018b17c0d270c72c1584a64e824101c70c0cba8eaed8195a81ae4f1	PASS
ERR1725962	FASTP	FASTP/ERR1725962/ERR1725962.fastp.json	ERR1725962.fastp.json	137954	1d24790cc6705ba134dbd11aa99a20b34649ef97b8be70d94f873f0badfb7ec7	PASS
ERR1713331	Bowtie2	Bowtie2/ERR1713331/ERR1713331.bowtie2.log	ERR1713331.bowtie2.log	627	d7e2ced27c4e14a96bcf87557fead84762a81c5bb1e57a3f1f13958b10f1fe3d	PASS
ERR1713332	Bowtie2	Bowtie2/ERR1713332/ERR1713332.bowtie2.log	ERR1713332.bowtie2.log	625	de88bb07e1a16233d4da4083bf0e18365f57bba2439977f51cef67e093c120aa	PASS
ERR1713334	Bowtie2	Bowtie2/ERR1713334/ERR1713334.bowtie2.log	ERR1713334.bowtie2.log	626	f4dbda5c6605c8d2d3207225fbb73fc854996d329ed61e41f894c0448f3941f7	PASS
ERR1713337	Bowtie2	Bowtie2/ERR1713337/ERR1713337.bowtie2.log	ERR1713337.bowtie2.log	626	390e0c4ed63b39c3b50ac22d0d6bd8f834bf5a648966ccfcc85aa8ea45a2050b	PASS
ERR1713339	Bowtie2	Bowtie2/ERR1713339/ERR1713339.bowtie2.log	ERR1713339.bowtie2.log	614	a1a92368ad25e324867e86e1602a1054e05b1c05c84029b090c14579c19415cd	PASS
ERR1713344	Bowtie2	Bowtie2/ERR1713344/ERR1713344.bowtie2.log	ERR1713344.bowtie2.log	628	8633bb9e9747d6f37aa9025d9ff938c1ca54778b130fd7b088d62b0ee0a173d4	PASS
ERR1725947	Bowtie2	Bowtie2/ERR1725947/ERR1725947.bowtie2.log	ERR1725947.bowtie2.log	626	54e0c1e0798abff6169c7c257d708cc90afbd8ddbb3aa8a2595c129a4ed712d9	PASS
ERR1725962	Bowtie2	Bowtie2/ERR1725962/ERR1725962.bowtie2.log	ERR1725962.bowtie2.log	619	7a9e4a752cd903609b85201cafcef7c1f8dd8f794db91eacf9945b7a8a34c8af	PASS
ERR1713331	CARD_RGI_BWT	CARD_RGI_BWT/ERR1713331/ERR1713331_rgi_bwt.gene_mapping_data.txt	ERR1713331_rgi_bwt.gene_mapping_data.txt	189207	675eb634489ab0ed3294bc1a30961e7bfa4b8a83dfde75e7304668c13c9d8e08	PASS
ERR1713331	CARD_RGI_BWT	CARD_RGI_BWT/ERR1713331/ERR1713331_rgi_bwt.overall_mapping_stats.txt	ERR1713331_rgi_bwt.overall_mapping_stats.txt	517	79965cb7f1ff050c0f9b3213ad8b3e1475b53d59da0f4af0c4fd290c7b2fc050	PASS
ERR1713332	CARD_RGI_BWT	CARD_RGI_BWT/ERR1713332/ERR1713332_rgi_bwt.gene_mapping_data.txt	ERR1713332_rgi_bwt.gene_mapping_data.txt	120738	ed7ec01f5ae9a8d64ffd53b94cc7232f6fe1eb62796283491722a32a88e9c658	PASS
ERR1713332	CARD_RGI_BWT	CARD_RGI_BWT/ERR1713332/ERR1713332_rgi_bwt.overall_mapping_stats.txt	ERR1713332_rgi_bwt.overall_mapping_stats.txt	518	34918d7a1a664f3866463f4e43ca77d43f671ad9f427e85454a7de0fd25c002d	PASS
ERR1713334	CARD_RGI_BWT	CARD_RGI_BWT/ERR1713334/ERR1713334_rgi_bwt.gene_mapping_data.txt	ERR1713334_rgi_bwt.gene_mapping_data.txt	157664	b76dc5b0bbd476d221a9b3c7827eb8c1bb99d2059737713add3f03c6ca65b04e	PASS
ERR1713334	CARD_RGI_BWT	CARD_RGI_BWT/ERR1713334/ERR1713334_rgi_bwt.overall_mapping_stats.txt	ERR1713334_rgi_bwt.overall_mapping_stats.txt	520	9beefb39bdbbe4897972535c2635a241e849e9e99abb6519a6c87c4ab1156d3c	PASS
ERR1713337	CARD_RGI_BWT	CARD_RGI_BWT/ERR1713337/ERR1713337_rgi_bwt.gene_mapping_data.txt	ERR1713337_rgi_bwt.gene_mapping_data.txt	177298	556e0f098f85b85594347c087eca5630d1e378440e3c7cdea8a47f2862ebad5a	PASS
ERR1713337	CARD_RGI_BWT	CARD_RGI_BWT/ERR1713337/ERR1713337_rgi_bwt.overall_mapping_stats.txt	ERR1713337_rgi_bwt.overall_mapping_stats.txt	521	bcc1eb36cc7f2eb123e7570611cb7af325c49bc90f1c0024fe5d22af6b85e683	PASS
ERR1713339	CARD_RGI_BWT	CARD_RGI_BWT/ERR1713339/ERR1713339_rgi_bwt.gene_mapping_data.txt	ERR1713339_rgi_bwt.gene_mapping_data.txt	73483	4069d713edd63bd0d5b0302421871da674559030d59daafdcbe8532a9a8131f2	PASS
ERR1713339	CARD_RGI_BWT	CARD_RGI_BWT/ERR1713339/ERR1713339_rgi_bwt.overall_mapping_stats.txt	ERR1713339_rgi_bwt.overall_mapping_stats.txt	511	54e918435a6b741ca5ea38686e0af6e004790023f150406e6ff07a4eac4a9de6	PASS
ERR1713344	CARD_RGI_BWT	CARD_RGI_BWT/ERR1713344/ERR1713344_rgi_bwt.gene_mapping_data.txt	ERR1713344_rgi_bwt.gene_mapping_data.txt	213258	b4d8f682f91cd5555b3b39dacf197b850f1eb12eee20795d547138b2f9722051	PASS
ERR1713344	CARD_RGI_BWT	CARD_RGI_BWT/ERR1713344/ERR1713344_rgi_bwt.overall_mapping_stats.txt	ERR1713344_rgi_bwt.overall_mapping_stats.txt	523	87ccc8da8ec78e435b32ff045151c762bccd97811f0ee03b433b32e915fb1c04	PASS
ERR1725947	CARD_RGI_BWT	CARD_RGI_BWT/ERR1725947/ERR1725947_rgi_bwt.gene_mapping_data.txt	ERR1725947_rgi_bwt.gene_mapping_data.txt	138852	a3b5ecd26e1af7e7f2859181cba9af4896ff4c7fe539e9aac025c9c9b59b4379	PASS
ERR1725947	CARD_RGI_BWT	CARD_RGI_BWT/ERR1725947/ERR1725947_rgi_bwt.overall_mapping_stats.txt	ERR1725947_rgi_bwt.overall_mapping_stats.txt	519	de4624679a9db9e3a0900a422f68011a932eef228b0cad8abd3022ca0ae4822f	PASS
ERR1725962	CARD_RGI_BWT	CARD_RGI_BWT/ERR1725962/ERR1725962_rgi_bwt.gene_mapping_data.txt	ERR1725962_rgi_bwt.gene_mapping_data.txt	77940	3ababdee734122d0703b75dbafb1b46a953ee9382a0a893af9ff10aa8a965d4b	PASS
ERR1725962	CARD_RGI_BWT	CARD_RGI_BWT/ERR1725962/ERR1725962_rgi_bwt.overall_mapping_stats.txt	ERR1725962_rgi_bwt.overall_mapping_stats.txt	515	b950c5a9d4a16821cb1702301c9b1ca306c325da80e8d2e3e40247ad092e9d4f	PASS
ERR1713331	CARD_RGI_Main	CARD_RGI_Main/ERR1713331/ERR1713331_rgi_main_compact.tsv	ERR1713331_rgi_main_compact.tsv	10705153	5e5c7a2ed358cfdd72b4135fb22a1aefbece85511b81061faa5c5cb7c12bb8b7	PASS
ERR1713332	CARD_RGI_Main	CARD_RGI_Main/ERR1713332/ERR1713332_rgi_main_compact.tsv	ERR1713332_rgi_main_compact.tsv	4158931	5d784487b7682c7b28563a52c6ec4df4727f6ea02bc251aa262f0b315740a34b	PASS
ERR1713334	CARD_RGI_Main	CARD_RGI_Main/ERR1713334/ERR1713334_rgi_main_compact.tsv	ERR1713334_rgi_main_compact.tsv	7052018	bafec212192f36c7410ee47c52148e45bf0d60ca45dd3cda75220660e882ff46	PASS
ERR1713337	CARD_RGI_Main	CARD_RGI_Main/ERR1713337/ERR1713337_rgi_main_compact.tsv	ERR1713337_rgi_main_compact.tsv	9999271	245b79995a51a3e46408422da404ec3e0fbacde30ede1601424acf7c32c9db70	PASS
ERR1713339	CARD_RGI_Main	CARD_RGI_Main/ERR1713339/ERR1713339_rgi_main_compact.tsv	ERR1713339_rgi_main_compact.tsv	627540	4e2bc1c976bf1890892e11d8f017e654b0ebf2ab271bfefb2a4588ada2a11fcb	PASS
ERR1713344	CARD_RGI_Main	CARD_RGI_Main/ERR1713344/ERR1713344_rgi_main_compact.tsv	ERR1713344_rgi_main_compact.tsv	18044261	3e121a9453098b587e5196939f100698742eb4e35558622a3c9db9ebc56575b3	PASS
ERR1725947	CARD_RGI_Main	CARD_RGI_Main/ERR1725947/ERR1725947_rgi_main_compact.tsv	ERR1725947_rgi_main_compact.tsv	5701615	01f7728be0fa545352adb2bc16118050f28c6ab8c85ff76b4a94770db619119c	PASS
ERR1725962	CARD_RGI_Main	CARD_RGI_Main/ERR1725962/ERR1725962_rgi_main_compact.tsv	ERR1725962_rgi_main_compact.tsv	2288797	3d3d70bd9111628a54a6d1eaa4da798349c80f5b9e5fa4b6446bf5618c5d509a	PASS
ERR1713331	DIAMOND_CARD	DIAMOND_CARD/ERR1713331/ERR1713331_diamond_card_merged.tsv.gz	ERR1713331_diamond_card_merged.tsv.gz	3870375	fc8e65c18fa27bb4b56c32d39cc3c0d02ecfe48ef653018cbb924159456cfc1d	PASS
ERR1713332	DIAMOND_CARD	DIAMOND_CARD/ERR1713332/ERR1713332_diamond_card_merged.tsv.gz	ERR1713332_diamond_card_merged.tsv.gz	1205008	91a88b83c9bb458997eab7c96b231daa148b0859ca9ee4b6aa86ac9b78c98757	PASS
ERR1713334	DIAMOND_CARD	DIAMOND_CARD/ERR1713334/ERR1713334_diamond_card_merged.tsv.gz	ERR1713334_diamond_card_merged.tsv.gz	1475703	93e918b494128019bc54bd17e91888e51596d2b6006927519d51820107bff050	PASS
ERR1713337	DIAMOND_CARD	DIAMOND_CARD/ERR1713337/ERR1713337_diamond_card_merged.tsv.gz	ERR1713337_diamond_card_merged.tsv.gz	2107226	ef8d388a40f2a604d6c55994d4e2793268d50cccad8707cd7d94f23a3143a86f	PASS
ERR1713339	DIAMOND_CARD	DIAMOND_CARD/ERR1713339/ERR1713339_diamond_card_merged.tsv.gz	ERR1713339_diamond_card_merged.tsv.gz	187213	ebb9f78cf54fe60b577d01083649be8be014df1a0c1d36fa7823c43cd07e82b4	PASS
ERR1713344	DIAMOND_CARD	DIAMOND_CARD/ERR1713344/ERR1713344_diamond_card_merged.tsv.gz	ERR1713344_diamond_card_merged.tsv.gz	2034258	daf5d85c96d6ef9ce53e8ff898b0a45d5e3fc22ffaa89d1f768576263c093e40	PASS
ERR1725947	DIAMOND_CARD	DIAMOND_CARD/ERR1725947/ERR1725947_diamond_card_merged.tsv.gz	ERR1725947_diamond_card_merged.tsv.gz	1301092	58cb8d97ab53234f5e1a27198f89511a58d2f5a175abe4c4fdf42961f8df97e0	PASS
ERR1725962	DIAMOND_CARD	DIAMOND_CARD/ERR1725962/ERR1725962_diamond_card_merged.tsv.gz	ERR1725962_diamond_card_merged.tsv.gz	365220	4aeb95c36bf62639ff995908aadad1868693784db48a732dafb73c7f865c5ddd	PASS
ERR1713331	Assembly	Assembly/ERR1713331/ERR1713331_assembly_metrics.tsv	ERR1713331_assembly_metrics.tsv	529	8adb328e451816adbfcd99d2d4632267d66bb4e54151e132302716a6e6bb42ed	PASS
ERR1713332	Assembly	Assembly/ERR1713332/ERR1713332_assembly_metrics.tsv	ERR1713332_assembly_metrics.tsv	528	154b3217bcca3d4dec18e3618e04befee3f8696a457769436721cb6efe819694	PASS
ERR1713334	Assembly	Assembly/ERR1713334/ERR1713334_assembly_metrics.tsv	ERR1713334_assembly_metrics.tsv	525	fa1cbb5b02227804d7e27c9921a4fe03556c3ff84ed5cf4bfb4065e850ac0a0e	PASS
ERR1713337	Assembly	Assembly/ERR1713337/ERR1713337_assembly_metrics.tsv	ERR1713337_assembly_metrics.tsv	531	aad0fb36063a8f6b01abd508aba9c53429fa34d732d03b5901b626e1e254a9fd	PASS
ERR1713339	Assembly	Assembly/ERR1713339/ERR1713339_assembly_metrics.tsv	ERR1713339_assembly_metrics.tsv	518	4143de038145ec0c9c40c3c1f8fb124f5c8a9b47f84640ca4e81af119ab97a17	PASS
ERR1713344	Assembly	Assembly/ERR1713344/ERR1713344_assembly_metrics.tsv	ERR1713344_assembly_metrics.tsv	530	aec23bbc72cc1648a9695ca025141243aa37afe9e5ce48b3f18ddfc4f8dbbf3d	PASS
ERR1725947	Assembly	Assembly/ERR1725947/ERR1725947_assembly_metrics.tsv	ERR1725947_assembly_metrics.tsv	527	257c15718eb1f127482bb3b0dc0aa0a37fa2c0b0c474d6b3353db497d4fd37a6	PASS
ERR1725962	Assembly	Assembly/ERR1725962/ERR1725962_assembly_metrics.tsv	ERR1725962_assembly_metrics.tsv	522	77857eed18e035b96a2919b05ae3569a45e1ee73247867e70b0b35c13a9485aa	PASS
ERR1713331	geNomAD	geNomAD/ERR1713331/ERR1713331.contigs_plasmid_summary.tsv	ERR1713331.contigs_plasmid_summary.tsv	238843	46696b17ba90b903d2ffac1ee590cbf5f19c7dbbffb493c90ab74618ed09bf5d	PASS
ERR1713331	geNomAD	geNomAD/ERR1713331/ERR1713331.contigs_virus_summary.tsv	ERR1713331.contigs_virus_summary.tsv	783965	e33f84816433fc03ed8d882fdf3320396e010ce952515e593f77941b3b9873ed	PASS
ERR1713332	geNomAD	geNomAD/ERR1713332/ERR1713332.contigs_plasmid_summary.tsv	ERR1713332.contigs_plasmid_summary.tsv	84014	923da4b79802bbc8d5aecffcf9ee9514b04d7243784bafc4f875f029d9539c49	PASS
ERR1713332	geNomAD	geNomAD/ERR1713332/ERR1713332.contigs_virus_summary.tsv	ERR1713332.contigs_virus_summary.tsv	132913	c9eba1171cd8dbafb3b082e7d4a353391e3bef3540def756b3a728a4dc696767	PASS
ERR1713334	geNomAD	geNomAD/ERR1713334/ERR1713334.contigs_plasmid_summary.tsv	ERR1713334.contigs_plasmid_summary.tsv	136009	5fe3fc41f3bae99853bf1ca5f5eda9b03cce1bc2343ccee326058a04df41de14	PASS
ERR1713334	geNomAD	geNomAD/ERR1713334/ERR1713334.contigs_virus_summary.tsv	ERR1713334.contigs_virus_summary.tsv	495258	b0cd4f43652dd9cfdd03f34ddfd39f8dd2890c6f0f21cc1fedc6299156ebfea0	PASS
ERR1713337	geNomAD	geNomAD/ERR1713337/ERR1713337.contigs_plasmid_summary.tsv	ERR1713337.contigs_plasmid_summary.tsv	54208	e3b89e4a03ec6429d5e95c338e61682d7622c30a2c60f670a3a09c129a81b0fa	PASS
ERR1713337	geNomAD	geNomAD/ERR1713337/ERR1713337.contigs_virus_summary.tsv	ERR1713337.contigs_virus_summary.tsv	645547	e129de89c08d20da1062459c97e6ff577d34919ad69959712b743a3e758ba66c	PASS
ERR1713339	geNomAD	geNomAD/ERR1713339/ERR1713339.contigs_plasmid_summary.tsv	ERR1713339.contigs_plasmid_summary.tsv	10899	a9c965a6be84bc111a5c5cad0a13d17cb62064fc22291797d33fa28509fb20a5	PASS
ERR1713339	geNomAD	geNomAD/ERR1713339/ERR1713339.contigs_virus_summary.tsv	ERR1713339.contigs_virus_summary.tsv	31377	7d577d57d07df6a1d7162b64d76673d047971640e47071a74fd19395f336fd36	PASS
ERR1713344	geNomAD	geNomAD/ERR1713344/ERR1713344.contigs_plasmid_summary.tsv	ERR1713344.contigs_plasmid_summary.tsv	134227	bed7a5e29bb5bd3ba08c6ba7516625423977b3a4b27f33953b521cec5a5e5bd9	PASS
ERR1713344	geNomAD	geNomAD/ERR1713344/ERR1713344.contigs_virus_summary.tsv	ERR1713344.contigs_virus_summary.tsv	225878	18d74b569ec8fe641c8e988b4133f902f64e949aa0df8b1f4b31e9ad1694ce9e	PASS
ERR1725947	geNomAD	geNomAD/ERR1725947/ERR1725947.contigs_plasmid_summary.tsv	ERR1725947.contigs_plasmid_summary.tsv	101991	406dbf67170655d9455eec950d14ab01565d95234e3a1f441f5734abe7360502	PASS
ERR1725947	geNomAD	geNomAD/ERR1725947/ERR1725947.contigs_virus_summary.tsv	ERR1725947.contigs_virus_summary.tsv	212689	c85f559f5a3eb9db8ec2014063fabd43c08539798be354377c7abfe20a9d4285	PASS
ERR1725962	geNomAD	geNomAD/ERR1725962/ERR1725962.contigs_plasmid_summary.tsv	ERR1725962.contigs_plasmid_summary.tsv	35828	7d95bb4ad98cb37158c3428267b996f129f65c91d5dabf2c282e7cb7bf349c62	PASS
ERR1725962	geNomAD	geNomAD/ERR1725962/ERR1725962.contigs_virus_summary.tsv	ERR1725962.contigs_virus_summary.tsv	34875	831712d148b470ceedae545a917a61428a49e5ceb6fc1a0318a9df558b138185	PASS
ERR1713331	ARG_Mobility_Overlap	ARG_Mobility_Overlap/ERR1713331/ERR1713331_drug_class_summary.tsv	ERR1713331_drug_class_summary.tsv	5902	be92e36b8cb141239627e6349a46e4772480b39736338f57c568acec3f647a14	PASS
ERR1713331	ARG_Mobility_Overlap	ARG_Mobility_Overlap/ERR1713331/ERR1713331_sample_summary.tsv	ERR1713331_sample_summary.tsv	348	a93ae4131b77d8794144ed3136d83a8da18fe8157661421b915718815e5ca3f0	PASS
ERR1713331	ARG_Mobility_Overlap	ARG_Mobility_Overlap/ERR1713331/ERR1713331_strict_perfect_overlap.tsv	ERR1713331_strict_perfect_overlap.tsv	84517	17869615c67e8441126dd3f7f01c9c9873e885e1cef65ceb8a3280472abb8d5c	PASS
ERR1713331	ARG_Mobility_Overlap	ARG_Mobility_Overlap/ERR1713331/ERR1713331_strict_perfect_sample_summary.tsv	ERR1713331_strict_perfect_sample_summary.tsv	303	f6cd1b664ff05df5cba3dc7ea85aa84d283a85f190f2a050130c37f4169486ec	PASS
ERR1713332	ARG_Mobility_Overlap	ARG_Mobility_Overlap/ERR1713332/ERR1713332_drug_class_summary.tsv	ERR1713332_drug_class_summary.tsv	5697	b15415582801c392f0216c115a8c132fa54d662d290e467f8773be57d0ef5524	PASS
ERR1713332	ARG_Mobility_Overlap	ARG_Mobility_Overlap/ERR1713332/ERR1713332_sample_summary.tsv	ERR1713332_sample_summary.tsv	342	28e72e8316521d20c452fce060edbff3f44d78c6cd3cd328e131c9341962237f	PASS
ERR1713332	ARG_Mobility_Overlap	ARG_Mobility_Overlap/ERR1713332/ERR1713332_strict_perfect_overlap.tsv	ERR1713332_strict_perfect_overlap.tsv	27014	f6f682bbfb84dc8a566f63c2c69d07792a75bdd9acedc652bec759efeda772df	PASS
ERR1713332	ARG_Mobility_Overlap	ARG_Mobility_Overlap/ERR1713332/ERR1713332_strict_perfect_sample_summary.tsv	ERR1713332_strict_perfect_sample_summary.tsv	297	8be8a228d86721ec56daeeb64a3f3d1c763732c3c6712318dd05d90fcd68b5d7	PASS
ERR1713334	ARG_Mobility_Overlap	ARG_Mobility_Overlap/ERR1713334/ERR1713334_drug_class_summary.tsv	ERR1713334_drug_class_summary.tsv	5673	2d80725ebc7b9898334c07da8b1f681dffa9f95be6e776eb6f19a6ac5aa37136	PASS
ERR1713334	ARG_Mobility_Overlap	ARG_Mobility_Overlap/ERR1713334/ERR1713334_sample_summary.tsv	ERR1713334_sample_summary.tsv	348	13737df9b75e79ccc1c93e8e9d8a3640800db08129adaba0562756f68ffdbfbd	PASS
ERR1713334	ARG_Mobility_Overlap	ARG_Mobility_Overlap/ERR1713334/ERR1713334_strict_perfect_overlap.tsv	ERR1713334_strict_perfect_overlap.tsv	65508	2c478b279ebfdb92739b5175cdfeae26f02e09dfa12d4f3f3cf3c9105ac877a9	PASS
ERR1713334	ARG_Mobility_Overlap	ARG_Mobility_Overlap/ERR1713334/ERR1713334_strict_perfect_sample_summary.tsv	ERR1713334_strict_perfect_sample_summary.tsv	299	925600231fcd91af126096ceb01add68d7aab62d75eeea3544a411161cc8b654	PASS
ERR1713337	ARG_Mobility_Overlap	ARG_Mobility_Overlap/ERR1713337/ERR1713337_drug_class_summary.tsv	ERR1713337_drug_class_summary.tsv	5528	b140adf0a252805f61dabc198051d14db942670b60d3f5ce989907d41fe94967	PASS
ERR1713337	ARG_Mobility_Overlap	ARG_Mobility_Overlap/ERR1713337/ERR1713337_sample_summary.tsv	ERR1713337_sample_summary.tsv	347	702cf7b4ae2d83a21904d978d1cc749acb8e8d8dc26d426a661a0b0edcf91ea2	PASS
ERR1713337	ARG_Mobility_Overlap	ARG_Mobility_Overlap/ERR1713337/ERR1713337_strict_perfect_overlap.tsv	ERR1713337_strict_perfect_overlap.tsv	76491	9e3c03c5b4c3e3b41c96c88d6ae94e85524dcc1df7f48e8f739da23844a18982	PASS
ERR1713337	ARG_Mobility_Overlap	ARG_Mobility_Overlap/ERR1713337/ERR1713337_strict_perfect_sample_summary.tsv	ERR1713337_strict_perfect_sample_summary.tsv	301	5da2c47d207b1bb2a9e9982402441e52580adf1031b4cf49ca975dfa827947df	PASS
ERR1713339	ARG_Mobility_Overlap	ARG_Mobility_Overlap/ERR1713339/ERR1713339_drug_class_summary.tsv	ERR1713339_drug_class_summary.tsv	4861	735da2e78f6b8793ebce7383225a1f8175f45941652d217c5f1ba5f211a84fcf	PASS
ERR1713339	ARG_Mobility_Overlap	ARG_Mobility_Overlap/ERR1713339/ERR1713339_sample_summary.tsv	ERR1713339_sample_summary.tsv	339	8059e3e6c370cbc7117fdfc6533b567cb820e6a06806932ba7d2f99448355d92	PASS
ERR1713339	ARG_Mobility_Overlap	ARG_Mobility_Overlap/ERR1713339/ERR1713339_strict_perfect_overlap.tsv	ERR1713339_strict_perfect_overlap.tsv	5834	fe16bf6c166ba3c1802f24d0e369f6061492f0cc991a0b52d125efb20ae43297	PASS
ERR1713339	ARG_Mobility_Overlap	ARG_Mobility_Overlap/ERR1713339/ERR1713339_strict_perfect_sample_summary.tsv	ERR1713339_strict_perfect_sample_summary.tsv	294	50451cce6b854d19ff063f6ed6a77a55c1b8ad01606baf85c279e81363444ed8	PASS
ERR1713344	ARG_Mobility_Overlap	ARG_Mobility_Overlap/ERR1713344/ERR1713344_drug_class_summary.tsv	ERR1713344_drug_class_summary.tsv	5709	c65c1e94b6bb9ffba7d6d69763dc1b18053c5503dc266ca5540853db9e60b9c6	PASS
ERR1713344	ARG_Mobility_Overlap	ARG_Mobility_Overlap/ERR1713344/ERR1713344_sample_summary.tsv	ERR1713344_sample_summary.tsv	349	7a655a47e015ab79f511afe5a7931e6ac83615432532ab76c9684f189bb5dc41	PASS
ERR1713344	ARG_Mobility_Overlap	ARG_Mobility_Overlap/ERR1713344/ERR1713344_strict_perfect_overlap.tsv	ERR1713344_strict_perfect_overlap.tsv	75395	658aecf61bba1183ad36fe3234a5030db56a2f4e51f19cdb1350294d5894626e	PASS
ERR1713344	ARG_Mobility_Overlap	ARG_Mobility_Overlap/ERR1713344/ERR1713344_strict_perfect_sample_summary.tsv	ERR1713344_strict_perfect_sample_summary.tsv	302	21e8a6927866ac2274aae205583497c6bff1f45765963a7b73931cdb793ef413	PASS
ERR1725947	ARG_Mobility_Overlap	ARG_Mobility_Overlap/ERR1725947/ERR1725947_drug_class_summary.tsv	ERR1725947_drug_class_summary.tsv	5720	7b9dcb141b4b49e316977c1f0ed8712545bf6821fe1b33f01b0a9782760424c8	PASS
ERR1725947	ARG_Mobility_Overlap	ARG_Mobility_Overlap/ERR1725947/ERR1725947_sample_summary.tsv	ERR1725947_sample_summary.tsv	346	a283c61bf65e6b9b362ec4f441334c6bdc104eabfaca06354017b226a81a28b8	PASS
ERR1725947	ARG_Mobility_Overlap	ARG_Mobility_Overlap/ERR1725947/ERR1725947_strict_perfect_overlap.tsv	ERR1725947_strict_perfect_overlap.tsv	39014	bb855b2d3f234e19d3378a8cf085d21a7b60f6f2fa43c02a053b7a03570ef56b	PASS
ERR1725947	ARG_Mobility_Overlap	ARG_Mobility_Overlap/ERR1725947/ERR1725947_strict_perfect_sample_summary.tsv	ERR1725947_strict_perfect_sample_summary.tsv	299	2e766f4db098835da38858d2647310b130151e70fec557a984e7c187eeaf8c10	PASS
ERR1725962	ARG_Mobility_Overlap	ARG_Mobility_Overlap/ERR1725962/ERR1725962_drug_class_summary.tsv	ERR1725962_drug_class_summary.tsv	5238	7e8f5fb9682517a6ac404904a31c34ac877991a72a50b7b5b7432f6c3d9b0253	PASS
ERR1725962	ARG_Mobility_Overlap	ARG_Mobility_Overlap/ERR1725962/ERR1725962_sample_summary.tsv	ERR1725962_sample_summary.tsv	342	c66c47f825ec41857e762493d3d02b9583f7adf5a41a9693640c6f364e17e073	PASS
ERR1725962	ARG_Mobility_Overlap	ARG_Mobility_Overlap/ERR1725962/ERR1725962_strict_perfect_overlap.tsv	ERR1725962_strict_perfect_overlap.tsv	11052	1dffd8886c1bfeb4c6a892920bc9f25e0f637635012e86e58fd23f502456f4f2	PASS
ERR1725962	ARG_Mobility_Overlap	ARG_Mobility_Overlap/ERR1725962/ERR1725962_strict_perfect_sample_summary.tsv	ERR1725962_strict_perfect_sample_summary.tsv	297	9b087ee57538749fc4b84b4ada6551736ee1008542fe4b9cbaf809184048077d	PASS
