seq_name	length	topology	coordinates	n_genes	genetic_code	virus_score	fdr	n_hallmarks	marker_enrichment	taxonomy
k141_75101	5527	DTR	NA	8	11	0.9829	NA	2	12.0280	Viruses;Monodnaviria;Sangervirae;Phixviricota;Malgrandaviricetes;Petitvirales;Microviridae
k141_331	7625	No terminal repeats	NA	6	11	0.9829	NA	1	8.5914	Viruses;Duplodnaviria;Heunggongvirae;Uroviricota;Caudoviricetes;Crassvirales;
k141_158547	2284	No terminal repeats	NA	4	11	0.9828	NA	2	6.4678	Viruses;Duplodnaviria;Heunggongvirae;Uroviricota;Caudoviricetes;;
k141_1867	2308	No terminal repeats	NA	5	11	0.9827	NA	2	8.3676	Viruses;Duplodnaviria;Heunggongvirae;Uroviricota;Caudoviricetes;;
k141_29851	17147	No terminal repeats	NA	22	11	0.9825	NA	6	37.0115	Viruses;Duplodnaviria;Heunggongvirae;Uroviricota;Caudoviricetes;;
k141_18625	3916	No terminal repeats	NA	5	11	0.9824	NA	1	6.1797	Viruses;Duplodnaviria;Heunggongvirae;Uroviricota;Caudoviricetes;;
k141_81780	5691	No terminal repeats	NA	6	11	0.9823	NA	0	8.3828	Viruses;Duplodnaviria;Heunggongvirae;Uroviricota;Caudoviricetes;Crassvirales;
k141_13966	8706	No terminal repeats	NA	5	11	0.9822	NA	0	6.1437	Viruses;Duplodnaviria;Heunggongvirae;Uroviricota;Caudoviricetes;;Schitoviridae
k141_69641	2681	No terminal repeats	NA	4	11	0.9821	NA	0	6.2243	Viruses;Duplodnaviria;Heunggongvirae;Uroviricota;Caudoviricetes;;
k141_102228	2294	No terminal repeats	NA	3	15	0.9821	NA	1	5.1548	Viruses;Duplodnaviria;Heunggongvirae;Uroviricota;Caudoviricetes;;
k141_158339	3516	No terminal repeats	NA	6	11	0.9820	NA	1	8.5914	Viruses;Duplodnaviria;Heunggongvirae;Uroviricota;Caudoviricetes;Crassvirales;
k141_132036	1762	No terminal repeats	NA	3	15	0.9819	NA	1	5.1548	Viruses;Duplodnaviria;Heunggongvirae;Uroviricota;Caudoviricetes;;
k141_137413	11967	No terminal repeats	NA	16	11	0.9817	NA	4	10.1507	Viruses;Duplodnaviria;Heunggongvirae;Uroviricota;Caudoviricetes;;
k141_34206	9141	No terminal repeats	NA	11	11	0.9816	NA	2	9.6805	Viruses;Duplodnaviria;Heunggongvirae;Uroviricota;Caudoviricetes;;
k141_34878	19148	No terminal repeats	NA	23	11	0.9816	NA	8	21.6069	Viruses;Duplodnaviria;Heunggongvirae;Uroviricota;Caudoviricetes;;
k141_149155	1584	No terminal repeats	NA	5	11	0.9814	NA	2	6.6312	Viruses;Duplodnaviria;Heunggongvirae;Uroviricota;Caudoviricetes;;
k141_96838	3504	No terminal repeats	NA	8	11	0.9813	NA	1	7.4739	Viruses;Duplodnaviria;Heunggongvirae;Uroviricota;Caudoviricetes;;
k141_175780	6768	No terminal repeats	NA	6	11	0.9812	NA	0	7.6581	Viruses;Duplodnaviria;Heunggongvirae;Uroviricota;Caudoviricetes;;Fredfastierviridae
k141_151170	2877	No terminal repeats	NA	5	11	0.9810	NA	0	8.5914	Viruses;Duplodnaviria;Heunggongvirae;Uroviricota;Caudoviricetes;;
k141_117486	7266	No terminal repeats	NA	11	11	0.9809	NA	0	11.1049	Viruses;Duplodnaviria;Heunggongvirae;Uroviricota;Caudoviricetes;;
k141_140387	2710	No terminal repeats	NA	4	11	0.9808	NA	1	5.1548	Viruses;Duplodnaviria;Heunggongvirae;Uroviricota;Caudoviricetes;;Schitoviridae
k141_100957	4005	No terminal repeats	NA	5	11	0.9806	NA	1	6.8731	Viruses;Duplodnaviria;Heunggongvirae;Uroviricota;Caudoviricetes;;
k141_73428	12448	No terminal repeats	NA	25	11	0.9806	NA	2	9.5109	Viruses;Duplodnaviria;Heunggongvirae;Uroviricota;Caudoviricetes;;
k141_81465	1598	No terminal repeats	NA	3	11	0.9805	NA	1	5.0100	Viruses;Duplodnaviria;Heunggongvirae;Uroviricota;Caudoviricetes;;
k141_116216	2465	No terminal repeats	NA	2	11	0.9805	NA	2	3.2423	Viruses;Duplodnaviria;Heunggongvirae;Uroviricota;Caudoviricetes;;
k141_45404	1216	No terminal repeats	NA	3	11	0.9802	NA	3	5.1534	Viruses;Duplodnaviria;Heunggongvirae;Uroviricota;Caudoviricetes;;
k141_161778	5524	No terminal repeats	NA	10	11	0.9800	NA	1	8.5826	Viruses;Duplodnaviria;Heunggongvirae;Uroviricota;Caudoviricetes;;
k141_152292	5340	No terminal repeats	NA	11	11	0.9800	NA	1	6.0018	Viruses;Duplodnaviria;Heunggongvirae;Uroviricota;Caudoviricetes;;
k141_92342	2682	No terminal repeats	NA	5	11	0.9798	NA	0	6.8173	Viruses;Duplodnaviria;Heunggongvirae;Uroviricota;Caudoviricetes;;
k141_24628	1396	No terminal repeats	NA	3	11	0.9797	NA	1	4.6787	Viruses;Duplodnaviria;Heunggongvirae;Uroviricota;Caudoviricetes;;Schitoviridae
k141_70374	2818	No terminal repeats	NA	3	11	0.9796	NA	2	5.1449	Viruses;Duplodnaviria;Heunggongvirae;Uroviricota;Caudoviricetes;;
k141_111508	4706	No terminal repeats	NA	3	11	0.9796	NA	2	5.1548	Viruses;Duplodnaviria;Heunggongvirae;Uroviricota;Caudoviricetes;;
k141_124873	1511	No terminal repeats	NA	3	11	0.9795	NA	2	4.5582	Viruses;Duplodnaviria;Heunggongvirae;Uroviricota;Caudoviricetes;;
k141_77098	5214	No terminal repeats	NA	2	11	0.9791	NA	0	3.0313	Viruses;Duplodnaviria;Heunggongvirae;Uroviricota;Caudoviricetes;;
k141_130236	9075	No terminal repeats	NA	6	11	0.9790	NA	3	6.8731	Viruses;Duplodnaviria;Heunggongvirae;Uroviricota;Caudoviricetes;;
k141_19462	3590	No terminal repeats	NA	4	11	0.9790	NA	1	5.1548	Viruses;Duplodnaviria;Heunggongvirae;Uroviricota;Caudoviricetes;;Schitoviridae
k141_123590	4932	No terminal repeats	NA	11	11	0.9789	NA	1	8.7957	Viruses;Duplodnaviria;Heunggongvirae;Uroviricota;Caudoviricetes;;
k141_8406	1871	No terminal repeats	NA	5	11	0.9789	NA	1	4.6398	Viruses;Duplodnaviria;Heunggongvirae;Uroviricota;Caudoviricetes;;
k141_66954	11680	No terminal repeats	NA	9	11	0.9787	NA	3	11.4572	Viruses;Duplodnaviria;Heunggongvirae;Uroviricota;Caudoviricetes;;
k141_160936	7949	No terminal repeats	NA	7	11	0.9786	NA	1	7.3965	Viruses;Duplodnaviria;Heunggongvirae;Uroviricota;Caudoviricetes;;
k141_123330	1171	No terminal repeats	NA	3	11	0.9785	NA	2	4.7892	Viruses;Duplodnaviria;Heunggongvirae;Uroviricota;Caudoviricetes;;
k141_101729	10950	No terminal repeats	NA	14	11	0.9782	NA	2	11.5747	Viruses;Duplodnaviria;Heunggongvirae;Uroviricota;Caudoviricetes;;Schitoviridae
k141_93892	12198	No terminal repeats	NA	20	11	0.9782	NA	10	24.1075	Viruses;Duplodnaviria;Heunggongvirae;Uroviricota;Caudoviricetes;;
k141_63555	2631	No terminal repeats	NA	6	11	0.9782	NA	1	6.1357	Viruses;Duplodnaviria;Heunggongvirae;Uroviricota;Caudoviricetes;;
k141_18548	3593	No terminal repeats	NA	5	11	0.9781	NA	1	6.1108	Viruses;Duplodnaviria;Heunggongvirae;Uroviricota;Caudoviricetes;;
k141_7608	2506	No terminal repeats	NA	4	11	0.9781	NA	0	5.1548	Viruses;Duplodnaviria;Heunggongvirae;Uroviricota;Caudoviricetes;;
k141_12231	2052	No terminal repeats	NA	3	11	0.9780	NA	3	4.7635	Viruses;Duplodnaviria;Heunggongvirae;Uroviricota;Caudoviricetes;;
k141_177569	1053	No terminal repeats	NA	3	11	0.9778	NA	3	4.5872	Viruses;Duplodnaviria;Heunggongvirae;Uroviricota;Caudoviricetes;;
k141_5438	4115	No terminal repeats	NA	5	11	0.9777	NA	0	5.1296	Viruses;Duplodnaviria;Heunggongvirae;Uroviricota;Caudoviricetes;;Schitoviridae
k141_137728	2474	No terminal repeats	NA	4	11	0.9776	NA	2	5.1531	Viruses;Duplodnaviria;Heunggongvirae;Uroviricota;Caudoviricetes;;
k141_6670	1738	No terminal repeats	NA	4	11	0.9775	NA	1	5.0858	Viruses;Duplodnaviria;Heunggongvirae;Uroviricota;Caudoviricetes;;
k141_176216	7618	No terminal repeats	NA	19	11	0.9774	NA	0	7.1312	Viruses;Duplodnaviria;Heunggongvirae;Uroviricota;Caudoviricetes;;
k141_17741	2727	No terminal repeats	NA	3	11	0.9773	NA	1	3.4366	Viruses;Duplodnaviria;Heunggongvirae;Uroviricota;Caudoviricetes;Crassvirales;
k141_108456	2340	No terminal repeats	NA	3	11	0.9772	NA	2	5.1431	Viruses;Duplodnaviria;Heunggongvirae;Uroviricota;Caudoviricetes;;
k141_114748	6787	No terminal repeats	NA	12	11	0.9769	NA	0	6.2097	Viruses;Duplodnaviria;Heunggongvirae;Uroviricota;Caudoviricetes;;
k141_26064	8788	No terminal repeats	NA	12	11	0.9768	NA	1	9.9539	Viruses;Duplodnaviria;Heunggongvirae;Uroviricota;Caudoviricetes;;
k141_6449	1643	No terminal repeats	NA	4	11	0.9768	NA	3	4.9423	Viruses;Duplodnaviria;Heunggongvirae;Uroviricota;Caudoviricetes;;
k141_154183	1132	No terminal repeats	NA	2	11	0.9767	NA	1	3.4366	Viruses;Duplodnaviria;Heunggongvirae;Uroviricota;Caudoviricetes;;
k141_168356	28612	No terminal repeats	NA	25	11	0.9767	NA	6	23.3728	Viruses;Duplodnaviria;Heunggongvirae;Uroviricota;Caudoviricetes;;
k141_160102	4379	No terminal repeats	NA	3	11	0.9767	NA	2	2.8396	Viruses;Duplodnaviria;Heunggongvirae;Uroviricota;Caudoviricetes;;
k141_166179	2889	No terminal repeats	NA	2	11	0.9766	NA	0	3.4366	Viruses;Duplodnaviria;Heunggongvirae;Uroviricota;Caudoviricetes;Crassvirales;
k141_111168	3859	No terminal repeats	NA	7	11	0.9765	NA	1	4.0819	Viruses;Duplodnaviria;Heunggongvirae;Uroviricota;Caudoviricetes;;
k141_137827	2739	No terminal repeats	NA	3	11	0.9765	NA	2	4.6443	Viruses;Duplodnaviria;Heunggongvirae;Uroviricota;Caudoviricetes;;
k141_176571	3352	No terminal repeats	NA	2	11	0.9765	NA	0	3.4366	Viruses;Duplodnaviria;Heunggongvirae;Uroviricota;Caudoviricetes;;
k141_166966	3915	No terminal repeats	NA	5	11	0.9763	NA	0	3.9895	Viruses;Duplodnaviria;Heunggongvirae;Uroviricota;Caudoviricetes;;
k141_130325	2174	No terminal repeats	NA	4	11	0.9760	NA	2	4.4863	Viruses;Duplodnaviria;Heunggongvirae;Uroviricota;Caudoviricetes;;
k141_6450	3793	No terminal repeats	NA	8	11	0.9758	NA	0	5.1548	Viruses;Duplodnaviria;Heunggongvirae;Uroviricota;Caudoviricetes;;
k141_87666	1542	No terminal repeats	NA	2	11	0.9757	NA	2	2.7189	Viruses;Duplodnaviria;Heunggongvirae;Uroviricota;Caudoviricetes;;
k141_135748	3061	No terminal repeats	NA	5	11	0.9754	NA	1	4.9425	Viruses;Duplodnaviria;Heunggongvirae;Uroviricota;Caudoviricetes;;
k141_87699	2842	No terminal repeats	NA	3	11	0.9753	NA	1	5.1548	Viruses;Duplodnaviria;Heunggongvirae;Uroviricota;Caudoviricetes;;
k141_16324	11300	No terminal repeats	NA	15	11	0.9753	NA	12	18.9864	Viruses;Duplodnaviria;Heunggongvirae;Uroviricota;Caudoviricetes;;
k141_160123	2580	No terminal repeats	NA	3	11	0.9752	NA	0	3.4366	Unclassified
k141_83601	1449	No terminal repeats	NA	3	11	0.9752	NA	2	5.1548	Viruses;Duplodnaviria;Heunggongvirae;Uroviricota;Caudoviricetes;;Drexlerviridae
k141_172314	3751	No terminal repeats	NA	6	11	0.9751	NA	3	6.3282	Viruses;Duplodnaviria;Heunggongvirae;Uroviricota;Caudoviricetes;;
k141_124664	1253	No terminal repeats	NA	2	11	0.9750	NA	1	3.0290	Viruses;Duplodnaviria;Heunggongvirae;Uroviricota;Caudoviricetes;;
k141_116502	2513	No terminal repeats	NA	5	11	0.9750	NA	1	5.0100	Viruses;Duplodnaviria;Heunggongvirae;Uroviricota;Caudoviricetes;;
k141_8967	1469	No terminal repeats	NA	3	11	0.9750	NA	1	3.4366	Viruses;Duplodnaviria;Heunggongvirae;Uroviricota;Caudoviricetes;;
k141_80713	2726	No terminal repeats	NA	3	11	0.9749	NA	0	5.0024	Viruses;Duplodnaviria;Heunggongvirae;Uroviricota;Caudoviricetes;;
k141_97982	13303	No terminal repeats	NA	15	11	0.9749	NA	4	17.9483	Viruses;Duplodnaviria;Heunggongvirae;Uroviricota;Caudoviricetes;;
k141_38250	2685	No terminal repeats	NA	5	11	0.9748	NA	0	5.1548	Viruses;Duplodnaviria;Heunggongvirae;Uroviricota;Caudoviricetes;;
k141_154242	1352	No terminal repeats	NA	1	11	0.9748	NA	1	1.7183	Viruses;Duplodnaviria;Heunggongvirae;Uroviricota;Caudoviricetes;Crassvirales;
k141_75822	2105	No terminal repeats	NA	3	11	0.9746	NA	1	3.4353	Viruses;Duplodnaviria;Heunggongvirae;Uroviricota;Caudoviricetes;;
k141_147964	2855	No terminal repeats	NA	5	11	0.9745	NA	0	3.4353	Viruses;Duplodnaviria;Heunggongvirae;Uroviricota;Caudoviricetes;;Autographiviridae
k141_117366	1632	No terminal repeats	NA	2	11	0.9744	NA	2	2.8396	Viruses;Duplodnaviria;Heunggongvirae;Uroviricota;Caudoviricetes;;
k141_137469	1140	No terminal repeats	NA	1	11	0.9744	NA	1	1.7183	Viruses;Duplodnaviria;Heunggongvirae;Uroviricota;Caudoviricetes;;
k141_102057	2201	No terminal repeats	NA	6	11	0.9742	NA	1	5.1548	Viruses;Duplodnaviria;Heunggongvirae;Uroviricota;Caudoviricetes;;Ackermannviridae
k141_96118	6013	No terminal repeats	NA	11	11	0.9741	NA	0	3.1129	Viruses;Duplodnaviria;Heunggongvirae;Uroviricota;Caudoviricetes;;
k141_150278	1912	No terminal repeats	NA	6	11	0.9741	NA	1	6.0410	Viruses;Duplodnaviria;Heunggongvirae;Uroviricota;Caudoviricetes;;
k141_130099	4187	No terminal repeats	NA	9	11	0.9741	NA	6	10.0190	Viruses;Duplodnaviria;Heunggongvirae;Uroviricota;Caudoviricetes;;
k141_164836	1170	No terminal repeats	NA	5	11	0.9741	NA	1	4.9211	Viruses;Duplodnaviria;Heunggongvirae;Uroviricota;Caudoviricetes;;
k141_46569	1195	No terminal repeats	NA	1	15	0.9739	NA	1	1.7183	Viruses;Duplodnaviria;Heunggongvirae;Uroviricota;Caudoviricetes;Crassvirales;
k141_83368	3997	No terminal repeats	NA	4	11	0.9738	NA	0	3.2124	Viruses;Duplodnaviria;Heunggongvirae;Uroviricota;Caudoviricetes;;
k141_121076	1172	No terminal repeats	NA	3	11	0.9736	NA	1	4.3387	Viruses;Duplodnaviria;Heunggongvirae;Uroviricota;Caudoviricetes;;
k141_90650	2560	No terminal repeats	NA	1	11	0.9735	NA	0	1.4454	Viruses;Duplodnaviria;Heunggongvirae;Uroviricota;Caudoviricetes;;Schitoviridae
k141_124387	1439	No terminal repeats	NA	1	11	0.9735	NA	1	1.7183	Viruses;Duplodnaviria;Heunggongvirae;Uroviricota;Caudoviricetes;Crassvirales;
k141_135169	2053	No terminal repeats	NA	4	11	0.9735	NA	1	3.4366	Viruses;Duplodnaviria;Heunggongvirae;Uroviricota;Caudoviricetes;;
k141_14079	6333	No terminal repeats	NA	7	11	0.9735	NA	1	6.6290	Viruses;Duplodnaviria;Heunggongvirae;Uroviricota;Caudoviricetes;;
k141_43171	1774	No terminal repeats	NA	4	11	0.9735	NA	1	3.4366	Viruses;Duplodnaviria;Heunggongvirae;Uroviricota;Caudoviricetes;;
k141_64396	10188	No terminal repeats	NA	25	11	0.9734	NA	3	15.7954	Viruses;Duplodnaviria;Heunggongvirae;Uroviricota;Caudoviricetes;;
k141_149855	3866	No terminal repeats	NA	8	11	0.9733	NA	2	7.3380	Viruses;Duplodnaviria;Heunggongvirae;Uroviricota;Caudoviricetes;;
k141_131751	2854	No terminal repeats	NA	4	11	0.9733	NA	2	3.7294	Viruses;Duplodnaviria;Heunggongvirae;Uroviricota;Caudoviricetes;;
k141_141512	1797	No terminal repeats	NA	4	11	0.9732	NA	1	3.4366	Viruses;Duplodnaviria;Heunggongvirae;Uroviricota;Caudoviricetes;;
k141_2172	3533	No terminal repeats	NA	9	11	0.9732	NA	0	3.0192	Viruses;Duplodnaviria;Heunggongvirae;Uroviricota;Caudoviricetes;;Schitoviridae
k141_40884	2392	No terminal repeats	NA	6	11	0.9731	NA	4	9.7485	Viruses;Duplodnaviria;Heunggongvirae;Uroviricota;Caudoviricetes;;
k141_65770	2679	No terminal repeats	NA	4	11	0.9727	NA	1	3.1765	Viruses;Duplodnaviria;Heunggongvirae;Uroviricota;Caudoviricetes;;
k141_118040	3550	No terminal repeats	NA	5	15	0.9726	NA	0	5.0235	Viruses;Duplodnaviria;Heunggongvirae;Uroviricota;Caudoviricetes;;
k141_28480	1392	No terminal repeats	NA	2	11	0.9725	NA	1	3.4366	Unclassified
k141_85103	1517	No terminal repeats	NA	5	11	0.9724	NA	4	6.8689	Viruses;Duplodnaviria;Heunggongvirae;Uroviricota;Caudoviricetes;;
k141_58847	1123	No terminal repeats	NA	1	11	0.9724	NA	1	1.7183	Viruses;Duplodnaviria;Heunggongvirae;Uroviricota;Caudoviricetes;;
k141_107626	1520	No terminal repeats	NA	3	11	0.9721	NA	1	5.1507	Viruses;Duplodnaviria;Heunggongvirae;Uroviricota;Caudoviricetes;;
k141_114812	8981	No terminal repeats	NA	12	11	0.9719	NA	1	10.0613	Viruses;Duplodnaviria;Heunggongvirae;Uroviricota;Caudoviricetes;;
k141_149127	4121	No terminal repeats	NA	3	11	0.9717	NA	0	3.4366	Viruses;Duplodnaviria;Heunggongvirae;Uroviricota;Caudoviricetes;;
k141_172901	1503	No terminal repeats	NA	3	11	0.9716	NA	2	2.9594	Viruses;Duplodnaviria;Heunggongvirae;Uroviricota;Caudoviricetes;;
k141_172745	1231	No terminal repeats	NA	2	11	0.9716	NA	1	3.2306	Viruses;Duplodnaviria;Heunggongvirae;Uroviricota;Caudoviricetes;;
k141_8516	1350	No terminal repeats	NA	1	11	0.9715	NA	1	1.7183	Viruses;Duplodnaviria;Heunggongvirae;Uroviricota;Caudoviricetes;;
k141_44887	2985	No terminal repeats	NA	4	11	0.9715	NA	0	3.0509	Viruses;Duplodnaviria;Heunggongvirae;Uroviricota;Caudoviricetes;;Schitoviridae
k141_44657	1445	No terminal repeats	NA	4	11	0.9713	NA	2	3.4366	Unclassified
k141_169252	3033	No terminal repeats	NA	5	11	0.9713	NA	0	4.6549	Viruses;Duplodnaviria;Heunggongvirae;Uroviricota;Caudoviricetes;;
k141_125624	1129	No terminal repeats	NA	2	11	0.9709	NA	2	3.4289	Viruses;Duplodnaviria;Heunggongvirae;Uroviricota;Caudoviricetes;;
k141_99499	3367	No terminal repeats	NA	7	11	0.9709	NA	0	3.4366	Viruses;Duplodnaviria;Heunggongvirae;Uroviricota;Caudoviricetes;;
k141_7419	1413	No terminal repeats	NA	2	11	0.9709	NA	1	2.9698	Viruses;Duplodnaviria;Heunggongvirae;Uroviricota;Caudoviricetes;;
k141_118056	1969	No terminal repeats	NA	5	11	0.9709	NA	1	5.1234	Viruses;Duplodnaviria;Heunggongvirae;Uroviricota;Caudoviricetes;;
k141_163255	1244	No terminal repeats	NA	1	11	0.9708	NA	1	1.7183	Viruses;Duplodnaviria;Heunggongvirae;Uroviricota;Caudoviricetes;;
k141_175656	1352	No terminal repeats	NA	4	11	0.9707	NA	1	4.9703	Viruses;Duplodnaviria;Heunggongvirae;Uroviricota;Caudoviricetes;;
k141_136048	1003	No terminal repeats	NA	1	11	0.9706	NA	1	1.5240	Viruses;Duplodnaviria;Heunggongvirae;Uroviricota;Caudoviricetes;;
k141_67663	5218	No terminal repeats	NA	6	11	0.9705	NA	1	4.5035	Viruses;Duplodnaviria;Heunggongvirae;Uroviricota;Caudoviricetes;;
k141_78307	3361	No terminal repeats	NA	9	11	0.9705	NA	0	10.3097	Viruses;Duplodnaviria;Heunggongvirae;Uroviricota;Caudoviricetes;;
k141_156093	9192	No terminal repeats	NA	11	11	0.9705	NA	0	2.8919	Viruses;Duplodnaviria;Heunggongvirae;Uroviricota;Caudoviricetes;;
k141_108420	1814	No terminal repeats	NA	3	11	0.9703	NA	1	3.4366	Viruses;Duplodnaviria;Heunggongvirae;Uroviricota;Caudoviricetes;;
k141_30779	10310	No terminal repeats	NA	15	11	0.9701	NA	11	17.5170	Viruses;Duplodnaviria;Heunggongvirae;Uroviricota;Caudoviricetes;;
k141_65509	6507	No terminal repeats	NA	5	11	0.9701	NA	0	4.6177	Viruses;Duplodnaviria;Heunggongvirae;Uroviricota;Caudoviricetes;;
k141_127422	2202	No terminal repeats	NA	4	11	0.9701	NA	1	3.9017	Viruses;Duplodnaviria;Heunggongvirae;Uroviricota;Caudoviricetes;;
k141_36341	2815	No terminal repeats	NA	2	11	0.9700	NA	2	3.1932	Viruses;Duplodnaviria;Heunggongvirae;Uroviricota;Caudoviricetes;;
k141_63732	1843	No terminal repeats	NA	4	11	0.9700	NA	1	3.3957	Viruses;Duplodnaviria;Heunggongvirae;Uroviricota;Caudoviricetes;;
k141_39462	2202	No terminal repeats	NA	5	11	0.9699	NA	1	4.3737	Viruses;Duplodnaviria;Heunggongvirae;Uroviricota;Caudoviricetes;;
k141_23288	1581	No terminal repeats	NA	2	11	0.9697	NA	1	3.1799	Viruses;Duplodnaviria;Heunggongvirae;Uroviricota;Caudoviricetes;;
k141_4163	1240	No terminal repeats	NA	2	11	0.9697	NA	1	3.4366	Viruses;Duplodnaviria;Heunggongvirae;Uroviricota;Caudoviricetes;;
k141_25612	1677	No terminal repeats	NA	2	11	0.9695	NA	2	3.1765	Viruses;Duplodnaviria;Heunggongvirae;Uroviricota;Caudoviricetes;;
k141_25264	2976	No terminal repeats	NA	3	11	0.9693	NA	0	3.1889	Viruses;Duplodnaviria;Heunggongvirae;Uroviricota;Caudoviricetes;;
k141_54812	1020	No terminal repeats	NA	2	4	0.9692	NA	1	3.4366	Viruses;Duplodnaviria;Heunggongvirae;Uroviricota;Caudoviricetes;;
k141_27169	2853	No terminal repeats	NA	4	11	0.9691	NA	3	4.3284	Viruses;Duplodnaviria;Heunggongvirae;Uroviricota;Caudoviricetes;;
k141_72050	1408	No terminal repeats	NA	2	11	0.9688	NA	1	3.1882	Viruses;Duplodnaviria;Heunggongvirae;Uroviricota;Caudoviricetes;;
k141_114758	2478	No terminal repeats	NA	3	11	0.9687	NA	1	2.9628	Viruses;Duplodnaviria;Heunggongvirae;Uroviricota;Caudoviricetes;;
k141_91898	5353	No terminal repeats	NA	7	11	0.9686	NA	0	2.5729	Viruses;Duplodnaviria;Heunggongvirae;Uroviricota;Caudoviricetes;;
k141_140372	1133	No terminal repeats	NA	2	11	0.9683	NA	2	3.4214	Viruses;Duplodnaviria;Heunggongvirae;Uroviricota;Caudoviricetes;;
k141_47326	2981	No terminal repeats	NA	3	11	0.9681	NA	1	3.4366	Viruses;Duplodnaviria;Heunggongvirae;Uroviricota;Caudoviricetes;;
k141_45327	1065	No terminal repeats	NA	2	11	0.9681	NA	1	3.4366	Viruses;Duplodnaviria;Heunggongvirae;Uroviricota;Caudoviricetes;;
k141_11126	2806	No terminal repeats	NA	3	11	0.9680	NA	0	3.4366	Viruses;Duplodnaviria;Heunggongvirae;Uroviricota;Caudoviricetes;;
k141_90777	1139	No terminal repeats	NA	2	11	0.9678	NA	1	3.4366	Viruses;Duplodnaviria;Heunggongvirae;Uroviricota;Caudoviricetes;;
k141_44866	1175	No terminal repeats	NA	3	11	0.9678	NA	1	4.3076	Viruses;Duplodnaviria;Heunggongvirae;Uroviricota;Caudoviricetes;;
k141_106982	1292	No terminal repeats	NA	2	11	0.9678	NA	1	1.7183	Viruses;Duplodnaviria;Heunggongvirae;Uroviricota;Caudoviricetes;;
k141_134802	27125	No terminal repeats	NA	24	11	0.9677	NA	2	11.7878	Viruses;Duplodnaviria;Heunggongvirae;Uroviricota;Caudoviricetes;;
k141_38922	1628	No terminal repeats	NA	2	11	0.9677	NA	1	3.2067	Viruses;Duplodnaviria;Heunggongvirae;Uroviricota;Caudoviricetes;;
k141_116274	1618	No terminal repeats	NA	1	11	0.9673	NA	1	1.7183	Viruses;Duplodnaviria;Heunggongvirae;Uroviricota;Caudoviricetes;;Schitoviridae
k141_104152	2449	No terminal repeats	NA	7	11	0.9673	NA	1	4.9457	Viruses;Duplodnaviria;Heunggongvirae;Uroviricota;Caudoviricetes;;
k141_70508	1860	No terminal repeats	NA	2	11	0.9672	NA	1	3.4366	Viruses;Duplodnaviria;Heunggongvirae;Uroviricota;Caudoviricetes;;
k141_126030	1226	No terminal repeats	NA	2	11	0.9669	NA	1	3.3281	Viruses;Duplodnaviria;Heunggongvirae;Uroviricota;Caudoviricetes;;
k141_59871	1252	No terminal repeats	NA	2	11	0.9667	NA	2	3.4366	Viruses;Duplodnaviria;Heunggongvirae;Uroviricota;Caudoviricetes;;
k141_148972	2983	No terminal repeats	NA	4	11	0.9667	NA	2	3.4366	Viruses;Duplodnaviria;Heunggongvirae;Uroviricota;Caudoviricetes;;
k141_132754	3165	No terminal repeats	NA	5	11	0.9665	NA	1	2.9671	Viruses;Duplodnaviria;Heunggongvirae;Uroviricota;Caudoviricetes;;
k141_7803	3050	No terminal repeats	NA	5	11	0.9663	NA	3	7.6010	Viruses;Duplodnaviria;Heunggongvirae;Uroviricota;Caudoviricetes;;
k141_82033	1407	No terminal repeats	NA	4	11	0.9662	NA	1	3.9762	Viruses;Duplodnaviria;Heunggongvirae;Uroviricota;Caudoviricetes;;
k141_79831	1279	No terminal repeats	NA	2	11	0.9662	NA	1	2.8493	Viruses;Duplodnaviria;Heunggongvirae;Uroviricota;Caudoviricetes;;
k141_120418	2267	No terminal repeats	NA	2	11	0.9660	NA	1	2.8084	Viruses;Duplodnaviria;Heunggongvirae;Uroviricota;Caudoviricetes;;
k141_21820	1747	No terminal repeats	NA	3	11	0.9659	NA	1	2.5740	Viruses;Duplodnaviria;Heunggongvirae;Uroviricota;Caudoviricetes;;
k141_128295	5438	No terminal repeats	NA	6	11	0.9658	NA	1	1.6493	Viruses;Duplodnaviria;Heunggongvirae;Uroviricota;Caudoviricetes;;
k141_93697	1103	No terminal repeats	NA	2	11	0.9657	NA	1	1.7183	Viruses;Duplodnaviria;Heunggongvirae;Uroviricota;Caudoviricetes;Crassvirales;
k141_127766	2074	No terminal repeats	NA	3	11	0.9657	NA	2	3.1007	Viruses;Duplodnaviria;Heunggongvirae;Uroviricota;Caudoviricetes;;
k141_78416	1861	No terminal repeats	NA	3	11	0.9655	NA	1	2.9466	Viruses;Duplodnaviria;Heunggongvirae;Uroviricota;Caudoviricetes;;
k141_166379	1518	No terminal repeats	NA	1	11	0.9654	NA	1	1.7183	Viruses;Duplodnaviria;Heunggongvirae;Uroviricota;Caudoviricetes;Crassvirales;
k141_152073	3432	No terminal repeats	NA	2	11	0.9654	NA	1	1.7183	Viruses;Duplodnaviria;Heunggongvirae;Uroviricota;Caudoviricetes;;Fredfastierviridae
k141_164601	1426	No terminal repeats	NA	3	11	0.9653	NA	1	3.4366	Viruses;Duplodnaviria;Heunggongvirae;Uroviricota;Caudoviricetes;;
k141_159725	3462	No terminal repeats	NA	8	11	0.9653	NA	0	4.3251	Viruses;Duplodnaviria;Heunggongvirae;Uroviricota;Caudoviricetes;;
k141_113458	2003	No terminal repeats	NA	4	4	0.9649	NA	1	3.1171	Viruses;Duplodnaviria;Heunggongvirae;Uroviricota;Caudoviricetes;;
k141_149446	1771	No terminal repeats	NA	3	11	0.9648	NA	2	4.1470	Viruses;Duplodnaviria;Heunggongvirae;Uroviricota;Caudoviricetes;;
k141_108753	1056	No terminal repeats	NA	2	11	0.9648	NA	1	1.7183	Viruses;Duplodnaviria;Heunggongvirae;Uroviricota;Caudoviricetes;;Fredfastierviridae
k141_158582	2711	No terminal repeats	NA	4	11	0.9647	NA	0	3.4366	Viruses;Duplodnaviria;Heunggongvirae;Uroviricota;Caudoviricetes;;
k141_160242	1202	No terminal repeats	NA	2	11	0.9646	NA	2	3.4355	Viruses;Duplodnaviria;Heunggongvirae;Uroviricota;Caudoviricetes;;
k141_44623	3683	No terminal repeats	NA	3	11	0.9645	NA	1	4.3463	Viruses;Duplodnaviria;Heunggongvirae;Uroviricota;Caudoviricetes;;Herelleviridae
k141_141372	3384	No terminal repeats	NA	9	11	0.9644	NA	0	1.7183	Viruses;Duplodnaviria;Heunggongvirae;Uroviricota;Caudoviricetes;;Schitoviridae
k141_140558	1148	No terminal repeats	NA	1	11	0.9643	NA	1	1.7183	Viruses;Duplodnaviria;Heunggongvirae;Uroviricota;Caudoviricetes;;
k141_34450	1333	No terminal repeats	NA	2	11	0.9642	NA	2	3.0323	Viruses;Duplodnaviria;Heunggongvirae;Uroviricota;Caudoviricetes;;
k141_94444	1534	No terminal repeats	NA	3	11	0.9641	NA	2	3.2163	Viruses;Duplodnaviria;Heunggongvirae;Uroviricota;Caudoviricetes;;
k141_138843	11814	No terminal repeats	NA	26	11	0.9638	NA	1	9.3361	Viruses;Duplodnaviria;Heunggongvirae;Uroviricota;Caudoviricetes;;
k141_109569	13249	No terminal repeats	NA	17	11	0.9636	NA	3	12.6339	Viruses;Duplodnaviria;Heunggongvirae;Uroviricota;Caudoviricetes;;
k141_75777	2119	No terminal repeats	NA	3	11	0.9636	NA	2	3.0247	Viruses;Duplodnaviria;Heunggongvirae;Uroviricota;Caudoviricetes;;
k141_15400	2555	No terminal repeats	NA	5	11	0.9636	NA	0	6.3827	Viruses;Duplodnaviria;Heunggongvirae;Uroviricota;Caudoviricetes;;
k141_135742	2709	No terminal repeats	NA	1	11	0.9635	NA	0	1.7183	Viruses;Duplodnaviria;Heunggongvirae;Uroviricota;Caudoviricetes;;Kyanoviridae
k141_164383	4139	No terminal repeats	NA	6	11	0.9633	NA	2	6.1993	Viruses;Duplodnaviria;Heunggongvirae;Uroviricota;Caudoviricetes;;
k141_7060	6983	No terminal repeats	NA	13	11	0.9633	NA	3	12.4576	Viruses;Duplodnaviria;Heunggongvirae;Uroviricota;Caudoviricetes;;
k141_146051	1866	No terminal repeats	NA	3	11	0.9630	NA	1	3.0825	Viruses;Duplodnaviria;Heunggongvirae;Uroviricota;Caudoviricetes;;
k141_110651	1276	No terminal repeats	NA	4	11	0.9625	NA	3	5.1548	Viruses;Duplodnaviria;Heunggongvirae;Uroviricota;Caudoviricetes;;
k141_75569	1035	No terminal repeats	NA	1	11	0.9625	NA	1	1.7183	Viruses;Duplodnaviria;Heunggongvirae;Uroviricota;Caudoviricetes;;
k141_89810	1571	No terminal repeats	NA	2	11	0.9624	NA	1	3.4366	Viruses;Duplodnaviria;Heunggongvirae;Uroviricota;Caudoviricetes;;
k141_146790	2731	No terminal repeats	NA	3	11	0.9620	NA	0	4.9238	Viruses;Duplodnaviria;Heunggongvirae;Uroviricota;Caudoviricetes;;
k141_162462	5870	No terminal repeats	NA	10	11	0.9618	NA	2	2.9594	Viruses;Duplodnaviria;Heunggongvirae;Uroviricota;Caudoviricetes;;
k141_16928	1893	No terminal repeats	NA	3	11	0.9612	NA	1	2.5933	Viruses;Duplodnaviria;Heunggongvirae;Uroviricota;Caudoviricetes;;
k141_83666	1817	No terminal repeats	NA	4	11	0.9612	NA	1	4.9497	Viruses;Duplodnaviria;Heunggongvirae;Uroviricota;Caudoviricetes;;
k141_29535	2222	No terminal repeats	NA	3	11	0.9610	NA	1	3.4366	Viruses;Duplodnaviria;Heunggongvirae;Uroviricota;Caudoviricetes;;
k141_98821	1397	No terminal repeats	NA	4	11	0.9594	NA	3	5.4061	Viruses;Duplodnaviria;Heunggongvirae;Uroviricota;Caudoviricetes;;
k141_172537	2720	No terminal repeats	NA	4	11	0.9594	NA	0	2.4180	Viruses;Duplodnaviria;Heunggongvirae;Uroviricota;Caudoviricetes;;
k141_16199	1896	No terminal repeats	NA	4	11	0.9591	NA	2	4.8591	Viruses;Duplodnaviria;Heunggongvirae;Uroviricota;Caudoviricetes;;
k141_112523	8937	No terminal repeats	NA	14	11	0.9589	NA	1	5.7192	Viruses;Duplodnaviria;Heunggongvirae;Uroviricota;Caudoviricetes;;
k141_120717	1064	No terminal repeats	NA	1	11	0.9588	NA	1	1.7183	Viruses;Duplodnaviria;Heunggongvirae;Uroviricota;Caudoviricetes;;
k141_45108	3292	No terminal repeats	NA	5	11	0.9588	NA	1	5.2623	Viruses;Duplodnaviria;Heunggongvirae;Uroviricota;Caudoviricetes;;
k141_129040	2108	No terminal repeats	NA	2	15	0.9587	NA	1	3.4366	Viruses;Duplodnaviria;Heunggongvirae;Uroviricota;Caudoviricetes;Crassvirales;Suoliviridae
k141_72063	1483	No terminal repeats	NA	2	11	0.9587	NA	1	2.7188	Viruses;Duplodnaviria;Heunggongvirae;Uroviricota;Caudoviricetes;;
k141_175261	1312	No terminal repeats	NA	2	11	0.9587	NA	2	3.4366	Viruses;Duplodnaviria;Heunggongvirae;Uroviricota;Caudoviricetes;Crassvirales;
k141_174899	7566	No terminal repeats	NA	9	11	0.9587	NA	0	6.5083	Viruses;Duplodnaviria;Heunggongvirae;Uroviricota;Caudoviricetes;;
k141_169374	6221	No terminal repeats	NA	9	11	0.9583	NA	2	9.0954	Viruses;Duplodnaviria;Heunggongvirae;Uroviricota;Caudoviricetes;;
k141_146031	1748	No terminal repeats	NA	2	11	0.9583	NA	1	3.4065	Viruses;Duplodnaviria;Heunggongvirae;Uroviricota;Caudoviricetes;;
k141_171128	2226	No terminal repeats	NA	4	11	0.9582	NA	2	6.4199	Viruses;Duplodnaviria;Heunggongvirae;Uroviricota;Caudoviricetes;;
k141_67969	1804	No terminal repeats	NA	5	11	0.9581	NA	2	2.8087	Viruses;Duplodnaviria;Heunggongvirae;Uroviricota;Caudoviricetes;;
k141_103118	1106	No terminal repeats	NA	3	11	0.9577	NA	1	3.4366	Viruses;Duplodnaviria;Heunggongvirae;Uroviricota;Caudoviricetes;;Salasmaviridae
k141_99947	1523	No terminal repeats	NA	3	11	0.9577	NA	1	3.4366	Viruses;Duplodnaviria;Heunggongvirae;Uroviricota;Caudoviricetes;;
k141_133933	1496	No terminal repeats	NA	2	11	0.9573	NA	2	3.0831	Viruses;Duplodnaviria;Heunggongvirae;Uroviricota;Caudoviricetes;;
k141_152535	2028	No terminal repeats	NA	2	11	0.9573	NA	1	1.7183	Viruses;Duplodnaviria;Heunggongvirae;Uroviricota;Caudoviricetes;;
k141_5241	11013	No terminal repeats	NA	13	11	0.9567	NA	2	8.2177	Viruses;Duplodnaviria;Heunggongvirae;Uroviricota;Caudoviricetes;;
k141_88117	2340	No terminal repeats	NA	4	11	0.9567	NA	1	1.5032	Viruses;Duplodnaviria;Heunggongvirae;Uroviricota;Caudoviricetes;;
k141_147078	1070	No terminal repeats	NA	1	11	0.9566	NA	1	1.7183	Viruses;Duplodnaviria;Heunggongvirae;Uroviricota;Caudoviricetes;;
k141_22692	2647	No terminal repeats	NA	5	11	0.9566	NA	0	2.6001	Viruses;Duplodnaviria;Heunggongvirae;Uroviricota;Caudoviricetes;;
k141_24333	1300	No terminal repeats	NA	3	11	0.9563	NA	3	4.0515	Viruses;Duplodnaviria;Heunggongvirae;Uroviricota;Caudoviricetes;;
k141_44252	1301	No terminal repeats	NA	3	11	0.9563	NA	1	3.4366	Viruses;Duplodnaviria;Heunggongvirae;Uroviricota;Caudoviricetes;;
k141_52817	2192	No terminal repeats	NA	3	11	0.9563	NA	1	2.9359	Viruses;Duplodnaviria;Heunggongvirae;Uroviricota;Caudoviricetes;;
k141_166060	1156	No terminal repeats	NA	3	11	0.9562	NA	2	4.0836	Viruses;Duplodnaviria;Heunggongvirae;Uroviricota;Caudoviricetes;;
k141_516	2960	No terminal repeats	NA	3	11	0.9562	NA	1	3.4357	Viruses;Duplodnaviria;Heunggongvirae;Uroviricota;Caudoviricetes;;
k141_170974	1728	No terminal repeats	NA	3	11	0.9562	NA	1	2.9733	Viruses;Duplodnaviria;Heunggongvirae;Uroviricota;Caudoviricetes;;
k141_129155	1952	No terminal repeats	NA	4	11	0.9560	NA	1	3.4366	Viruses;Duplodnaviria;Heunggongvirae;Uroviricota;Caudoviricetes;;
k141_174897	2915	No terminal repeats	NA	5	11	0.9558	NA	1	6.8628	Viruses;Duplodnaviria;Heunggongvirae;Uroviricota;Caudoviricetes;;
k141_123035	2072	No terminal repeats	NA	4	11	0.9557	NA	2	6.4823	Viruses;Duplodnaviria;Heunggongvirae;Uroviricota;Caudoviricetes;;
k141_88764	1861	No terminal repeats	NA	1	11	0.9555	NA	1	1.1185	Viruses;Duplodnaviria;Heunggongvirae;Uroviricota;Caudoviricetes;;
k141_38756	3516	No terminal repeats	NA	4	11	0.9554	NA	0	3.2070	Viruses;Duplodnaviria;Heunggongvirae;Uroviricota;Caudoviricetes;;
k141_1192	1941	No terminal repeats	NA	2	11	0.9553	NA	2	3.4265	Viruses;Duplodnaviria;Heunggongvirae;Uroviricota;Caudoviricetes;;
k141_147509	2843	No terminal repeats	NA	4	11	0.9551	NA	1	3.2274	Viruses;Duplodnaviria;Heunggongvirae;Uroviricota;Caudoviricetes;;
k141_135335	1852	No terminal repeats	NA	2	11	0.9551	NA	1	3.0787	Viruses;Duplodnaviria;Heunggongvirae;Uroviricota;Caudoviricetes;;
k141_166213	1132	No terminal repeats	NA	1	11	0.9548	NA	1	1.2775	Viruses;Duplodnaviria;Heunggongvirae;Uroviricota;Caudoviricetes;;
k141_150922	2238	No terminal repeats	NA	2	11	0.9548	NA	1	3.4366	Viruses;Duplodnaviria;Heunggongvirae;Uroviricota;Caudoviricetes;;
k141_48682	4049	No terminal repeats	NA	5	11	0.9547	NA	1	5.1548	Viruses;Duplodnaviria;Heunggongvirae;Uroviricota;Caudoviricetes;;
k141_1847	2569	No terminal repeats	NA	5	11	0.9546	NA	0	4.1041	Viruses;Duplodnaviria;Heunggongvirae;Uroviricota;Caudoviricetes;;
k141_66578	1350	No terminal repeats	NA	3	11	0.9545	NA	1	3.2917	Viruses;Duplodnaviria;Heunggongvirae;Uroviricota;Caudoviricetes;;
k141_112520	1353	No terminal repeats	NA	2	11	0.9541	NA	1	3.4366	Viruses;Duplodnaviria;Heunggongvirae;Uroviricota;Caudoviricetes;;
k141_164164	1119	No terminal repeats	NA	2	11	0.9541	NA	1	3.4366	Viruses;Duplodnaviria;Heunggongvirae;Uroviricota;Caudoviricetes;;
k141_47247	1111	No terminal repeats	NA	3	11	0.9541	NA	1	3.4366	Viruses;Duplodnaviria;Heunggongvirae;Uroviricota;Caudoviricetes;;
k141_158182	1095	No terminal repeats	NA	2	11	0.9534	NA	2	3.4308	Viruses;Duplodnaviria;Heunggongvirae;Uroviricota;Caudoviricetes;;
k141_41813	1187	No terminal repeats	NA	3	11	0.9534	NA	2	3.9787	Viruses;Duplodnaviria;Heunggongvirae;Uroviricota;Caudoviricetes;;
k141_172338	2119	No terminal repeats	NA	6	11	0.9533	NA	5	7.7726	Viruses;Duplodnaviria;Heunggongvirae;Uroviricota;Caudoviricetes;;
k141_59588	1126	No terminal repeats	NA	2	11	0.9533	NA	2	3.0769	Viruses;Duplodnaviria;Heunggongvirae;Uroviricota;Caudoviricetes;;
k141_40107	1202	No terminal repeats	NA	2	11	0.9529	NA	1	1.5151	Viruses;Duplodnaviria;Heunggongvirae;Uroviricota;Caudoviricetes;;
k141_66737	1161	No terminal repeats	NA	4	11	0.9529	NA	3	5.1548	Viruses;Duplodnaviria;Heunggongvirae;Uroviricota;Caudoviricetes;;
k141_61845	1018	No terminal repeats	NA	4	11	0.9529	NA	1	1.5313	Viruses;Duplodnaviria;Heunggongvirae;Uroviricota;Caudoviricetes;;
k141_174611	3463	No terminal repeats	NA	7	11	0.9527	NA	0	5.4478	Viruses;Duplodnaviria;Heunggongvirae;Uroviricota;Caudoviricetes;;
k141_9073	4714	No terminal repeats	NA	3	11	0.9526	NA	0	3.1534	Viruses;Duplodnaviria;Heunggongvirae;Uroviricota;Caudoviricetes;;
k141_165260	3237	No terminal repeats	NA	5	11	0.9524	NA	0	2.8292	Viruses;Duplodnaviria;Heunggongvirae;Uroviricota;Caudoviricetes;;Fredfastierviridae
k141_132243	1508	No terminal repeats	NA	2	11	0.9522	NA	1	1.6802	Viruses;Duplodnaviria;Heunggongvirae;Uroviricota;Caudoviricetes;;
k141_139110	1054	No terminal repeats	NA	2	11	0.9511	NA	1	3.2131	Viruses;Duplodnaviria;Heunggongvirae;Uroviricota;Caudoviricetes;;
k141_31517	2693	No terminal repeats	NA	3	11	0.9508	NA	0	3.4366	Viruses;Varidnaviria;Bamfordvirae;Nucleocytoviricota;Megaviricetes;Pimascovirales;Marseilleviridae
k141_142968	3041	No terminal repeats	NA	2	11	0.9505	NA	1	1.7183	Unclassified
k141_143877	2366	No terminal repeats	NA	3	11	0.9505	NA	2	4.5880	Viruses;Duplodnaviria;Heunggongvirae;Uroviricota;Caudoviricetes;;
k141_1041	1812	No terminal repeats	NA	3	11	0.9498	NA	1	3.4366	Viruses;Duplodnaviria;Heunggongvirae;Uroviricota;Caudoviricetes;;
k141_158656	2072	No terminal repeats	NA	3	11	0.9496	NA	1	3.9060	Viruses;Duplodnaviria;Heunggongvirae;Uroviricota;Caudoviricetes;;
k141_170792	4787	No terminal repeats	NA	3	11	0.9492	NA	0	1.7183	Viruses;Duplodnaviria;Heunggongvirae;Uroviricota;Caudoviricetes;;
k141_128409	2682	No terminal repeats	NA	2	11	0.9488	NA	0	3.4366	Viruses;Duplodnaviria;Heunggongvirae;Uroviricota;Caudoviricetes;;
k141_63078	1513	No terminal repeats	NA	2	11	0.9482	NA	1	1.7183	Viruses;Duplodnaviria;Heunggongvirae;Uroviricota;Caudoviricetes;;
k141_89039	1192	No terminal repeats	NA	4	11	0.9477	NA	1	3.1413	Viruses;Duplodnaviria;Heunggongvirae;Uroviricota;Caudoviricetes;;
k141_98885	2098	No terminal repeats	NA	3	11	0.9471	NA	2	2.5840	Viruses;Duplodnaviria;Heunggongvirae;Uroviricota;Caudoviricetes;;
k141_61641	1357	No terminal repeats	NA	1	11	0.9470	NA	1	1.1185	Viruses;Duplodnaviria;Heunggongvirae;Uroviricota;Caudoviricetes;;
k141_43002	1728	No terminal repeats	NA	1	11	0.9468	NA	1	1.7183	Viruses;Duplodnaviria;Heunggongvirae;Uroviricota;Caudoviricetes;;Fredfastierviridae
k141_105965	3612	No terminal repeats	NA	1	11	0.9466	NA	0	1.1753	Viruses;Duplodnaviria;Heunggongvirae;Uroviricota;Caudoviricetes;;
k141_32068	7873	No terminal repeats	NA	16	11	0.9464	NA	2	14.5505	Viruses;Duplodnaviria;Heunggongvirae;Uroviricota;Caudoviricetes;;
k141_169310	2616	No terminal repeats	NA	7	11	0.9462	NA	0	1.7183	Viruses;Duplodnaviria;Heunggongvirae;Uroviricota;Caudoviricetes;;Casjensviridae
k141_12424	2127	No terminal repeats	NA	3	11	0.9462	NA	1	2.7125	Viruses;Duplodnaviria;Heunggongvirae;Uroviricota;Caudoviricetes;;
k141_24896	2681	No terminal repeats	NA	3	11	0.9461	NA	1	3.4366	Viruses;Duplodnaviria;Heunggongvirae;Uroviricota;Caudoviricetes;;
k141_131351	1231	No terminal repeats	NA	3	11	0.9457	NA	1	4.9064	Viruses;Duplodnaviria;Heunggongvirae;Uroviricota;Caudoviricetes;;
k141_107224	1065	No terminal repeats	NA	2	11	0.9456	NA	1	1.7183	Viruses;Duplodnaviria;Heunggongvirae;Uroviricota;Caudoviricetes;;
k141_139163	3880	No terminal repeats	NA	4	11	0.9456	NA	2	3.6551	Viruses;Duplodnaviria;Heunggongvirae;Uroviricota;Caudoviricetes;;
k141_30560	5465	No terminal repeats	NA	8	11	0.9453	NA	0	6.2679	Viruses;Duplodnaviria;Heunggongvirae;Uroviricota;Caudoviricetes;Crassvirales;
k141_14975	3943	No terminal repeats	NA	6	11	0.9453	NA	2	4.1113	Viruses;Duplodnaviria;Heunggongvirae;Uroviricota;Caudoviricetes;;
k141_11977	3553	No terminal repeats	NA	9	11	0.9453	NA	0	2.7218	Viruses;Duplodnaviria;Heunggongvirae;Uroviricota;Caudoviricetes;;
k141_57813	2813	No terminal repeats	NA	3	11	0.9451	NA	2	3.4109	Viruses;Duplodnaviria;Heunggongvirae;Uroviricota;Caudoviricetes;;
k141_16084	1111	No terminal repeats	NA	2	11	0.9448	NA	1	1.5240	Viruses;Duplodnaviria;Heunggongvirae;Uroviricota;Caudoviricetes;;
k141_163991	1523	No terminal repeats	NA	2	11	0.9447	NA	1	3.4366	Viruses;Duplodnaviria;Heunggongvirae;Uroviricota;Caudoviricetes;;
k141_136337	1066	No terminal repeats	NA	4	11	0.9444	NA	2	4.4752	Viruses;Duplodnaviria;Heunggongvirae;Uroviricota;Caudoviricetes;;
k141_61629	1351	No terminal repeats	NA	1	11	0.9441	NA	1	1.1185	Viruses;Duplodnaviria;Heunggongvirae;Uroviricota;Caudoviricetes;;
k141_52144	1146	No terminal repeats	NA	2	15	0.9440	NA	1	1.7183	Viruses;Duplodnaviria;Heunggongvirae;Uroviricota;Caudoviricetes;Crassvirales;
k141_106225	1678	No terminal repeats	NA	2	11	0.9438	NA	1	1.7167	Viruses;Duplodnaviria;Heunggongvirae;Uroviricota;Caudoviricetes;;
k141_163467	2022	No terminal repeats	NA	2	11	0.9437	NA	2	3.3524	Viruses;Duplodnaviria;Heunggongvirae;Uroviricota;Caudoviricetes;;
k141_34016	3435	No terminal repeats	NA	4	11	0.9432	NA	0	4.1119	Viruses;Duplodnaviria;Heunggongvirae;Uroviricota;Caudoviricetes;;
k141_110492	2502	No terminal repeats	NA	3	11	0.9432	NA	1	2.6168	Viruses;Duplodnaviria;Heunggongvirae;Uroviricota;Caudoviricetes;;
k141_172879	1376	No terminal repeats	NA	3	11	0.9428	NA	1	2.9081	Viruses;Duplodnaviria;Heunggongvirae;Uroviricota;Caudoviricetes;;
k141_103907	1919	No terminal repeats	NA	4	11	0.9410	NA	1	1.7354	Viruses;Duplodnaviria;Heunggongvirae;Uroviricota;Caudoviricetes;;
k141_22240	1127	No terminal repeats	NA	2	11	0.9408	NA	1	1.7183	Unclassified
k141_28201	1631	No terminal repeats	NA	3	11	0.9406	NA	1	1.2309	Viruses;Duplodnaviria;Heunggongvirae;Uroviricota;Caudoviricetes;;
k141_126995	1413	No terminal repeats	NA	1	11	0.9401	NA	1	1.3388	Viruses;Duplodnaviria;Heunggongvirae;Uroviricota;Caudoviricetes;;
k141_6749	1419	No terminal repeats	NA	3	11	0.9397	NA	1	1.7183	Viruses;Duplodnaviria;Heunggongvirae;Uroviricota;Caudoviricetes;;
k141_30682	1040	No terminal repeats	NA	1	11	0.9393	NA	1	1.7183	Viruses;Duplodnaviria;Heunggongvirae;Uroviricota;Caudoviricetes;;
k141_67425	2558	No terminal repeats	NA	2	11	0.9392	NA	0	1.7183	Viruses;Duplodnaviria;Heunggongvirae;Uroviricota;Caudoviricetes;;
k141_137774	1613	No terminal repeats	NA	2	4	0.9389	NA	1	1.7183	Viruses;Duplodnaviria;Heunggongvirae;Uroviricota;Caudoviricetes;;
k141_139069	2617	No terminal repeats	NA	3	11	0.9385	NA	1	1.7183	Viruses;Duplodnaviria;Heunggongvirae;Uroviricota;Caudoviricetes;;
k141_122656	3171	No terminal repeats	NA	6	11	0.9382	NA	0	3.2379	Viruses;Duplodnaviria;Heunggongvirae;Uroviricota;Caudoviricetes;;
k141_164195	1695	No terminal repeats	NA	4	11	0.9381	NA	1	2.9215	Viruses;Duplodnaviria;Heunggongvirae;Uroviricota;Caudoviricetes;;
k141_77980	5063	No terminal repeats	NA	5	11	0.9380	NA	0	1.7183	Viruses;Duplodnaviria;Heunggongvirae;Uroviricota;Caudoviricetes;;Straboviridae
k141_91760	1901	No terminal repeats	NA	4	11	0.9378	NA	1	3.3658	Viruses;Duplodnaviria;Heunggongvirae;Uroviricota;Caudoviricetes;;
k141_134829	4615	No terminal repeats	NA	1	11	0.9373	NA	0	0.8891	Viruses;Duplodnaviria;Heunggongvirae;Uroviricota;Caudoviricetes;;
k141_128696	3301	No terminal repeats	NA	8	11	0.9372	NA	0	4.1237	Viruses;Duplodnaviria;Heunggongvirae;Uroviricota;Caudoviricetes;;
k141_100940	1442	No terminal repeats	NA	2	15	0.9370	NA	1	1.7183	Viruses;Duplodnaviria;Heunggongvirae;Uroviricota;Caudoviricetes;Crassvirales;Suoliviridae
k141_18524	1631	No terminal repeats	NA	3	11	0.9370	NA	1	3.1808	Viruses;Duplodnaviria;Heunggongvirae;Uroviricota;Caudoviricetes;;
k141_79792	3425	No terminal repeats	NA	3	11	0.9370	NA	0	1.7183	Viruses;Duplodnaviria;Heunggongvirae;Uroviricota;Caudoviricetes;;
k141_174664	1016	No terminal repeats	NA	3	11	0.9367	NA	1	4.1111	Viruses;Duplodnaviria;Heunggongvirae;Uroviricota;Caudoviricetes;;
k141_39524	1535	No terminal repeats	NA	2	11	0.9366	NA	1	1.7183	Viruses;Duplodnaviria;Heunggongvirae;Uroviricota;Caudoviricetes;;
k141_84800	1283	No terminal repeats	NA	4	11	0.9359	NA	1	3.4366	Viruses;Duplodnaviria;Heunggongvirae;Uroviricota;Caudoviricetes;;
k141_85092	2967	No terminal repeats	NA	4	11	0.9358	NA	1	2.4897	Viruses;Duplodnaviria;Heunggongvirae;Uroviricota;Caudoviricetes;;
k141_156384	1788	No terminal repeats	NA	3	11	0.9358	NA	1	1.7183	Viruses;Duplodnaviria;Heunggongvirae;Uroviricota;Caudoviricetes;;Ackermannviridae
k141_142569	1593	No terminal repeats	NA	3	11	0.9352	NA	1	3.2922	Viruses;Duplodnaviria;Heunggongvirae;Uroviricota;Caudoviricetes;;
k141_85212	2974	No terminal repeats	NA	1	11	0.9348	NA	0	1.5377	Viruses;Duplodnaviria;Heunggongvirae;Uroviricota;Caudoviricetes;;
k141_153356	1337	No terminal repeats	NA	2	11	0.9336	NA	1	1.7183	Viruses;Duplodnaviria;Heunggongvirae;Uroviricota;Caudoviricetes;;
k141_91691	2215	No terminal repeats	NA	4	11	0.9336	NA	2	2.4736	Viruses;Duplodnaviria;Heunggongvirae;Uroviricota;Caudoviricetes;;
k141_171773	3023	No terminal repeats	NA	2	11	0.9334	NA	0	1.7183	Viruses;Duplodnaviria;Heunggongvirae;Uroviricota;Caudoviricetes;;
k141_14530	1068	No terminal repeats	NA	3	11	0.9333	NA	1	1.5224	Viruses;Duplodnaviria;Heunggongvirae;Uroviricota;Caudoviricetes;;
k141_129844	2853	No terminal repeats	NA	5	11	0.9331	NA	0	4.1678	Viruses;Duplodnaviria;Heunggongvirae;Uroviricota;Caudoviricetes;;
k141_168620	4071	No terminal repeats	NA	9	11	0.9327	NA	0	2.9795	Viruses;Duplodnaviria;Heunggongvirae;Uroviricota;Caudoviricetes;;
k141_150318	5050	No terminal repeats	NA	15	11	0.9326	NA	0	1.2314	Viruses;Duplodnaviria;Heunggongvirae;Uroviricota;Caudoviricetes;;
k141_156598	4774	No terminal repeats	NA	8	11	0.9322	NA	1	1.2650	Viruses;Duplodnaviria;Heunggongvirae;Uroviricota;Caudoviricetes;;Schitoviridae
k141_176527	1865	No terminal repeats	NA	2	11	0.9319	NA	1	1.7183	Viruses;Duplodnaviria;Heunggongvirae;Uroviricota;Caudoviricetes;;
k141_129678	1171	No terminal repeats	NA	2	11	0.9305	NA	1	3.2229	Viruses;Duplodnaviria;Heunggongvirae;Uroviricota;Caudoviricetes;;
k141_55300	2613	No terminal repeats	NA	4	11	0.9303	NA	1	2.8585	Viruses;Duplodnaviria;Heunggongvirae;Uroviricota;Caudoviricetes;;
k141_127349	2754	No terminal repeats	NA	2	11	0.9302	NA	0	1.7183	Viruses;Duplodnaviria;Heunggongvirae;Uroviricota;Caudoviricetes;;
k141_34939	1330	No terminal repeats	NA	3	11	0.9299	NA	1	3.0704	Viruses;Duplodnaviria;Heunggongvirae;Uroviricota;Caudoviricetes;;
k141_63876	1488	No terminal repeats	NA	2	11	0.9293	NA	1	2.5287	Viruses;Duplodnaviria;Heunggongvirae;Uroviricota;Caudoviricetes;;
k141_119612	1772	No terminal repeats	NA	4	11	0.9291	NA	1	3.4051	Viruses;Duplodnaviria;Heunggongvirae;Uroviricota;Caudoviricetes;Crassvirales;
k141_119551	1239	No terminal repeats	NA	3	11	0.9291	NA	1	3.0875	Viruses;Duplodnaviria;Heunggongvirae;Uroviricota;Caudoviricetes;;
k141_64571	2106	No terminal repeats	NA	3	11	0.9286	NA	1	4.2143	Viruses;Duplodnaviria;Heunggongvirae;Uroviricota;Caudoviricetes;;
k141_108424	1514	No terminal repeats	NA	2	11	0.9281	NA	1	1.7183	Viruses;Duplodnaviria;Heunggongvirae;Uroviricota;Caudoviricetes;;
k141_4816	1761	No terminal repeats	NA	4	11	0.9277	NA	1	1.7183	Viruses;Duplodnaviria;Heunggongvirae;Uroviricota;Caudoviricetes;;
k141_112394	2065	No terminal repeats	NA	5	11	0.9273	NA	1	4.7010	Viruses;Duplodnaviria;Heunggongvirae;Uroviricota;Caudoviricetes;;
k141_69368	4028	No terminal repeats	NA	7	11	0.9267	NA	0	4.0478	Viruses;Duplodnaviria;Heunggongvirae;Uroviricota;Caudoviricetes;;
k141_3415	1002	No terminal repeats	NA	1	11	0.9259	NA	1	1.4689	Viruses;Duplodnaviria;Heunggongvirae;Uroviricota;Caudoviricetes;;
k141_80825	6503	No terminal repeats	NA	9	11	0.9245	NA	2	5.4401	Viruses;Duplodnaviria;Heunggongvirae;Uroviricota;Caudoviricetes;;
k141_139833	1191	No terminal repeats	NA	1	11	0.9237	NA	1	1.3619	Viruses;Duplodnaviria;Heunggongvirae;Uroviricota;Caudoviricetes;;
k141_40039	1564	No terminal repeats	NA	2	11	0.9234	NA	1	2.4864	Viruses;Duplodnaviria;Heunggongvirae;Uroviricota;Caudoviricetes;;
k141_1078	4096	No terminal repeats	NA	4	11	0.9217	NA	0	1.7183	Viruses;Duplodnaviria;Heunggongvirae;Uroviricota;Caudoviricetes;;
k141_117564	1221	No terminal repeats	NA	3	11	0.9216	NA	1	3.4366	Viruses;Duplodnaviria;Heunggongvirae;Uroviricota;Caudoviricetes;;
k141_40021	1219	No terminal repeats	NA	2	11	0.9213	NA	1	3.3644	Viruses;Duplodnaviria;Heunggongvirae;Uroviricota;Caudoviricetes;;
k141_12573	1541	No terminal repeats	NA	4	11	0.9202	NA	1	4.3541	Viruses;Duplodnaviria;Heunggongvirae;Uroviricota;Caudoviricetes;;
k141_156026	1101	No terminal repeats	NA	1	11	0.9201	NA	1	1.0998	Viruses;Duplodnaviria;Heunggongvirae;Uroviricota;Caudoviricetes;;
k141_153074	2884	No terminal repeats	NA	12	11	0.9191	NA	0	1.0454	Viruses;Duplodnaviria;Heunggongvirae;Uroviricota;Caudoviricetes;;
k141_8073	4583	No terminal repeats	NA	5	11	0.9191	NA	0	3.0423	Viruses;Duplodnaviria;Heunggongvirae;Uroviricota;Caudoviricetes;;
k141_137404	3048	No terminal repeats	NA	5	11	0.9191	NA	1	1.3760	Viruses;Duplodnaviria;Heunggongvirae;Uroviricota;Caudoviricetes;;
k141_68117	2584	No terminal repeats	NA	2	11	0.9190	NA	0	1.3131	Viruses;Duplodnaviria;Heunggongvirae;Uroviricota;Caudoviricetes;;
k141_140769	1439	No terminal repeats	NA	1	11	0.9189	NA	1	1.7183	Viruses;Duplodnaviria;Heunggongvirae;Uroviricota;Caudoviricetes;;
k141_106431	1059	No terminal repeats	NA	3	11	0.9186	NA	1	5.1460	Viruses;Duplodnaviria;Heunggongvirae;Uroviricota;Caudoviricetes;;
k141_155325	1105	No terminal repeats	NA	2	11	0.9182	NA	1	2.2477	Viruses;Duplodnaviria;Heunggongvirae;Uroviricota;Caudoviricetes;;
k141_63233	1312	No terminal repeats	NA	1	11	0.9181	NA	1	1.2778	Viruses;Duplodnaviria;Heunggongvirae;Uroviricota;Caudoviricetes;;
k141_101892	1336	No terminal repeats	NA	1	11	0.9173	NA	1	1.3957	Viruses;Duplodnaviria;Heunggongvirae;Uroviricota;Caudoviricetes;;
k141_126586	1121	No terminal repeats	NA	3	11	0.9172	NA	1	2.8458	Viruses;Duplodnaviria;Heunggongvirae;Uroviricota;Caudoviricetes;;
k141_82448	1290	No terminal repeats	NA	4	4	0.9171	NA	1	4.2402	Viruses;Duplodnaviria;Heunggongvirae;Uroviricota;Caudoviricetes;;
k141_170766	1024	No terminal repeats	NA	3	11	0.9165	NA	1	3.4366	Viruses;Duplodnaviria;Heunggongvirae;Uroviricota;Caudoviricetes;;
k141_119998	2830	No terminal repeats	NA	3	11	0.9162	NA	0	1.7183	Viruses;Duplodnaviria;Heunggongvirae;Uroviricota;Caudoviricetes;;
k141_50415	1201	No terminal repeats	NA	3	11	0.9160	NA	1	4.7123	Viruses;Duplodnaviria;Heunggongvirae;Uroviricota;Caudoviricetes;;
k141_99864	1354	No terminal repeats	NA	2	11	0.9160	NA	1	1.7183	Viruses;Duplodnaviria;Heunggongvirae;Uroviricota;Caudoviricetes;;
k141_93248	2931	No terminal repeats	NA	4	11	0.9159	NA	0	5.1548	Viruses;Duplodnaviria;Heunggongvirae;Uroviricota;Caudoviricetes;;
k141_4028	1420	No terminal repeats	NA	3	11	0.9156	NA	1	1.7183	Viruses;Duplodnaviria;Heunggongvirae;Uroviricota;Caudoviricetes;;
k141_4745	1962	No terminal repeats	NA	1	11	0.9152	NA	1	1.3957	Viruses;Duplodnaviria;Heunggongvirae;Uroviricota;Caudoviricetes;;
k141_69161	1347	No terminal repeats	NA	2	11	0.9147	NA	1	3.3569	Viruses;Duplodnaviria;Heunggongvirae;Uroviricota;Caudoviricetes;;
k141_11657	2670	No terminal repeats	NA	4	11	0.9146	NA	0	1.7183	Viruses;Duplodnaviria;Heunggongvirae;Uroviricota;Caudoviricetes;;
k141_70713	1132	No terminal repeats	NA	3	11	0.9141	NA	2	3.4322	Viruses;Duplodnaviria;Heunggongvirae;Uroviricota;Caudoviricetes;;
k141_38430	1172	No terminal repeats	NA	2	11	0.9137	NA	1	2.7874	Viruses;Duplodnaviria;Heunggongvirae;Uroviricota;Caudoviricetes;;
k141_128905	1322	No terminal repeats	NA	4	11	0.9124	NA	1	4.2747	Viruses;Duplodnaviria;Heunggongvirae;Uroviricota;Caudoviricetes;;
k141_25385	2236	No terminal repeats	NA	2	11	0.9114	NA	1	1.3383	Viruses;Duplodnaviria;Heunggongvirae;Uroviricota;Caudoviricetes;;
k141_126243	2756	No terminal repeats	NA	3	11	0.9103	NA	2	4.2974	Viruses;Duplodnaviria;Heunggongvirae;Uroviricota;Caudoviricetes;;
k141_89886	1947	No terminal repeats	NA	3	11	0.9096	NA	1	1.7183	Viruses;Duplodnaviria;Heunggongvirae;Uroviricota;Caudoviricetes;;
k141_7390	1362	No terminal repeats	NA	2	11	0.9095	NA	1	1.7096	Viruses;Duplodnaviria;Heunggongvirae;Uroviricota;Caudoviricetes;;
k141_151657	1211	No terminal repeats	NA	4	11	0.9081	NA	1	1.3840	Viruses;Duplodnaviria;Heunggongvirae;Uroviricota;Caudoviricetes;;
k141_102090	1386	No terminal repeats	NA	3	11	0.9070	NA	1	1.7183	Viruses;Duplodnaviria;Heunggongvirae;Uroviricota;Caudoviricetes;;
k141_2430	4272	No terminal repeats	NA	4	11	0.9065	NA	1	1.7183	Viruses;Duplodnaviria;Heunggongvirae;Uroviricota;Caudoviricetes;;Schitoviridae
k141_12826	3544	No terminal repeats	NA	1	11	0.9050	NA	0	1.7118	Viruses;Duplodnaviria;Heunggongvirae;Uroviricota;Caudoviricetes;;Schitoviridae
k141_164990	2938	No terminal repeats	NA	6	11	0.9046	NA	0	4.0846	Viruses;Duplodnaviria;Heunggongvirae;Uroviricota;Caudoviricetes;;Autographiviridae
k141_108277	1372	No terminal repeats	NA	1	11	0.9032	NA	1	1.1997	Viruses;Duplodnaviria;Heunggongvirae;Uroviricota;Caudoviricetes;;
k141_35583	3847	No terminal repeats	NA	4	11	0.9027	NA	0	1.6988	Viruses;Duplodnaviria;Heunggongvirae;Uroviricota;Caudoviricetes;;
k141_86549	3041	No terminal repeats	NA	7	11	0.9025	NA	0	0.0000	Unclassified
k141_126575	1102	No terminal repeats	NA	3	11	0.9024	NA	1	2.4821	Viruses;Duplodnaviria;Heunggongvirae;Uroviricota;Caudoviricetes;;
k141_143640	1046	No terminal repeats	NA	2	11	0.9008	NA	1	1.3806	Viruses;Duplodnaviria;Heunggongvirae;Uroviricota;Caudoviricetes;;Autographiviridae
k141_154154	8840	No terminal repeats	NA	12	11	0.8993	NA	0	8.7428	Viruses;Duplodnaviria;Heunggongvirae;Uroviricota;Caudoviricetes;;
k141_38266	1704	No terminal repeats	NA	4	11	0.8976	NA	1	1.7183	Viruses;Duplodnaviria;Heunggongvirae;Uroviricota;Caudoviricetes;;
k141_56218	1373	No terminal repeats	NA	3	11	0.8972	NA	1	1.7183	Viruses;Duplodnaviria;Heunggongvirae;Uroviricota;Caudoviricetes;;
k141_88708	1254	No terminal repeats	NA	3	11	0.8969	NA	1	1.7183	Viruses;Duplodnaviria;Heunggongvirae;Uroviricota;Caudoviricetes;;
k141_145675	1086	No terminal repeats	NA	3	11	0.8967	NA	1	2.4108	Viruses;Duplodnaviria;Heunggongvirae;Uroviricota;Caudoviricetes;;
k141_2982	8004	No terminal repeats	NA	11	11	0.8962	NA	8	15.5846	Viruses;Duplodnaviria;Heunggongvirae;Uroviricota;Caudoviricetes;;
k141_106278	3478	No terminal repeats	NA	6	11	0.8959	NA	0	3.1432	Viruses;Duplodnaviria;Heunggongvirae;Uroviricota;Caudoviricetes;;
k141_128494	2600	No terminal repeats	NA	4	11	0.8952	NA	1	3.4340	Viruses;Duplodnaviria;Heunggongvirae;Uroviricota;Caudoviricetes;;
k141_176514	2508	No terminal repeats	NA	5	11	0.8945	NA	0	1.7036	Viruses;Duplodnaviria;Heunggongvirae;Uroviricota;Caudoviricetes;;
k141_14832	3231	No terminal repeats	NA	5	11	0.8943	NA	0	1.6989	Viruses;Duplodnaviria;Heunggongvirae;Uroviricota;Caudoviricetes;;
k141_32330	2927	No terminal repeats	NA	5	11	0.8940	NA	0	1.7183	Viruses;Duplodnaviria;Heunggongvirae;Uroviricota;Caudoviricetes;;Mesyanzhinovviridae
k141_77377	1907	No terminal repeats	NA	2	11	0.8934	NA	1	1.2309	Viruses;Duplodnaviria;Heunggongvirae;Uroviricota;Caudoviricetes;;
k141_122576	1017	No terminal repeats	NA	1	11	0.8927	NA	1	1.4833	Viruses;Duplodnaviria;Heunggongvirae;Uroviricota;Caudoviricetes;;
k141_147930	1124	No terminal repeats	NA	2	11	0.8922	NA	2	3.0323	Viruses;Duplodnaviria;Heunggongvirae;Uroviricota;Caudoviricetes;;
k141_124573	1246	No terminal repeats	NA	1	11	0.8916	NA	1	1.2465	Viruses;Duplodnaviria;Heunggongvirae;Uroviricota;Caudoviricetes;;
k141_47921	1271	No terminal repeats	NA	2	11	0.8913	NA	1	1.2334	Viruses;Duplodnaviria;Heunggongvirae;Uroviricota;Caudoviricetes;;
k141_4204	1086	No terminal repeats	NA	2	11	0.8902	NA	1	2.2106	Viruses;Duplodnaviria;Heunggongvirae;Uroviricota;Caudoviricetes;;
k141_115566	2554	No terminal repeats	NA	5	11	0.8899	NA	1	1.7183	Viruses;Duplodnaviria;Heunggongvirae;Uroviricota;Caudoviricetes;;Fredfastierviridae
k141_108680	1357	No terminal repeats	NA	4	11	0.8894	NA	1	1.7183	Viruses;Duplodnaviria;Heunggongvirae;Uroviricota;Caudoviricetes;;
k141_59569	1156	No terminal repeats	NA	2	11	0.8874	NA	1	2.9826	Viruses;Duplodnaviria;Heunggongvirae;Uroviricota;Caudoviricetes;;
k141_106649	1082	No terminal repeats	NA	1	11	0.8857	NA	1	1.3307	Viruses;Duplodnaviria;Heunggongvirae;Uroviricota;Caudoviricetes;;
k141_124249	1045	No terminal repeats	NA	2	11	0.8856	NA	1	1.3704	Viruses;Duplodnaviria;Heunggongvirae;Uroviricota;Caudoviricetes;;
k141_26363	1156	No terminal repeats	NA	3	11	0.8844	NA	1	2.4960	Viruses;Duplodnaviria;Heunggongvirae;Uroviricota;Caudoviricetes;;
k141_75893	1482	No terminal repeats	NA	4	11	0.8837	NA	1	3.2244	Viruses;Duplodnaviria;Heunggongvirae;Uroviricota;Caudoviricetes;;
k141_148881	18512	No terminal repeats	NA	32	11	0.8822	NA	2	10.2029	Viruses;Duplodnaviria;Heunggongvirae;Uroviricota;Caudoviricetes;;
k141_74148	1776	No terminal repeats	NA	2	11	0.8821	NA	1	3.2186	Viruses;Duplodnaviria;Heunggongvirae;Uroviricota;Caudoviricetes;;
k141_23944	3471	No terminal repeats	NA	6	11	0.8820	NA	0	1.7183	Viruses;Duplodnaviria;Heunggongvirae;Uroviricota;Caudoviricetes;;
k141_125533	5638	No terminal repeats	NA	7	11	0.8818	NA	3	6.4104	Viruses;Duplodnaviria;Heunggongvirae;Uroviricota;Caudoviricetes;;
k141_93408	3811	No terminal repeats	NA	4	11	0.8815	NA	1	1.2650	Viruses;Duplodnaviria;Heunggongvirae;Uroviricota;Caudoviricetes;;Schitoviridae
k141_4214	1080	No terminal repeats	NA	2	11	0.8813	NA	1	3.0236	Viruses;Duplodnaviria;Heunggongvirae;Uroviricota;Caudoviricetes;;Mesyanzhinovviridae
k141_49427	5145	No terminal repeats	NA	7	11	0.8800	NA	0	1.2520	Viruses;Duplodnaviria;Heunggongvirae;Uroviricota;Caudoviricetes;;
k141_129781	1169	No terminal repeats	NA	3	11	0.8798	NA	1	1.2936	Viruses;Duplodnaviria;Heunggongvirae;Uroviricota;Caudoviricetes;;
k141_29718	4703	No terminal repeats	NA	4	11	0.8768	NA	1	1.7183	Viruses;Duplodnaviria;Heunggongvirae;Uroviricota;Caudoviricetes;;
k141_122197	1241	No terminal repeats	NA	1	15	0.8763	NA	1	0.9537	Viruses;Duplodnaviria;Heunggongvirae;Uroviricota;Caudoviricetes;;
k141_41371	1601	No terminal repeats	NA	2	11	0.8752	NA	1	1.4615	Viruses;Duplodnaviria;Heunggongvirae;Uroviricota;Caudoviricetes;;
k141_81372	1205	No terminal repeats	NA	2	11	0.8741	NA	1	1.7183	Viruses;Duplodnaviria;Heunggongvirae;Uroviricota;Caudoviricetes;;
k141_168231	1859	No terminal repeats	NA	2	11	0.8729	NA	1	1.1622	Viruses;Duplodnaviria;Heunggongvirae;Uroviricota;Caudoviricetes;;
k141_8446	3064	No terminal repeats	NA	5	11	0.8708	NA	2	3.6086	Viruses;Duplodnaviria;Heunggongvirae;Uroviricota;Caudoviricetes;;
k141_157613	1295	No terminal repeats	NA	2	11	0.8689	NA	2	2.2197	Viruses;Duplodnaviria;Heunggongvirae;Uroviricota;Caudoviricetes;;
k141_156146	1042	No terminal repeats	NA	3	11	0.8683	NA	1	2.6673	Viruses;Duplodnaviria;Heunggongvirae;Uroviricota;Caudoviricetes;;
k141_101431	2623	No terminal repeats	NA	5	11	0.8667	NA	1	1.7183	Viruses;Duplodnaviria;Heunggongvirae;Uroviricota;Caudoviricetes;;Fredfastierviridae
k141_112721	2631	No terminal repeats	NA	2	11	0.8665	NA	0	1.5454	Viruses;Duplodnaviria;Heunggongvirae;Uroviricota;Caudoviricetes;;
k141_37807	1119	No terminal repeats	NA	2	11	0.8657	NA	1	1.7492	Viruses;Duplodnaviria;Heunggongvirae;Uroviricota;Caudoviricetes;;
k141_160012	1001	No terminal repeats	NA	1	15	0.8644	NA	1	0.9537	Viruses;Duplodnaviria;Heunggongvirae;Uroviricota;Caudoviricetes;;
k141_56999	1705	No terminal repeats	NA	3	11	0.8634	NA	1	1.5741	Viruses;Duplodnaviria;Heunggongvirae;Uroviricota;Caudoviricetes;;
k141_138431	1247	No terminal repeats	NA	4	11	0.8597	NA	1	1.3171	Viruses;Duplodnaviria;Heunggongvirae;Uroviricota;Caudoviricetes;;
k141_14527	2817	No terminal repeats	NA	8	11	0.8592	NA	1	4.0902	Viruses;Duplodnaviria;Heunggongvirae;Uroviricota;Caudoviricetes;;
k141_22664	1977	No terminal repeats	NA	2	11	0.8590	NA	1	2.8000	Viruses;Duplodnaviria;Heunggongvirae;Uroviricota;Caudoviricetes;;
k141_20794	1469	No terminal repeats	NA	2	11	0.8581	NA	1	1.2650	Viruses;Duplodnaviria;Heunggongvirae;Uroviricota;Caudoviricetes;;Schitoviridae
k141_168444	2633	No terminal repeats	NA	6	11	0.8563	NA	0	3.4366	Viruses;Duplodnaviria;Heunggongvirae;Uroviricota;Caudoviricetes;;
k141_72390	1351	No terminal repeats	NA	4	11	0.8542	NA	1	1.7183	Viruses;Duplodnaviria;Heunggongvirae;Uroviricota;Caudoviricetes;;
k141_11844	1594	No terminal repeats	NA	2	11	0.8540	NA	1	1.7169	Viruses;Duplodnaviria;Heunggongvirae;Uroviricota;Caudoviricetes;;
k141_85582	1780	No terminal repeats	NA	3	11	0.8534	NA	1	1.7183	Viruses;Duplodnaviria;Heunggongvirae;Uroviricota;Caudoviricetes;;
k141_9674	1219	No terminal repeats	NA	4	11	0.8531	NA	2	2.3529	Viruses;Duplodnaviria;Heunggongvirae;Uroviricota;Caudoviricetes;;
k141_1391	2704	No terminal repeats	NA	5	11	0.8530	NA	0	2.4823	Viruses;Duplodnaviria;Heunggongvirae;Uroviricota;Caudoviricetes;;
k141_89521	1054	No terminal repeats	NA	2	11	0.8511	NA	1	1.7183	Viruses;Duplodnaviria;Heunggongvirae;Uroviricota;Caudoviricetes;;
k141_45173	1069	No terminal repeats	NA	2	11	0.8469	NA	1	1.7031	Viruses;Duplodnaviria;Heunggongvirae;Uroviricota;Caudoviricetes;;
k141_78753	2016	No terminal repeats	NA	3	11	0.8453	NA	3	4.5660	Viruses;Duplodnaviria;Heunggongvirae;Uroviricota;Caudoviricetes;;
k141_52043	1883	No terminal repeats	NA	2	11	0.8453	NA	1	1.7183	Viruses;Duplodnaviria;Heunggongvirae;Uroviricota;Caudoviricetes;;
k141_141273	1325	No terminal repeats	NA	4	11	0.8445	NA	1	3.4366	Viruses;Duplodnaviria;Heunggongvirae;Uroviricota;Caudoviricetes;;
k141_136212	1777	No terminal repeats	NA	4	11	0.8408	NA	1	1.5123	Viruses;Duplodnaviria;Heunggongvirae;Uroviricota;Caudoviricetes;;
k141_36919	1496	No terminal repeats	NA	3	11	0.8392	NA	1	2.6203	Viruses;Duplodnaviria;Heunggongvirae;Uroviricota;Caudoviricetes;;
k141_134167	2694	No terminal repeats	NA	4	11	0.8377	NA	0	1.7183	Viruses;Duplodnaviria;Heunggongvirae;Uroviricota;Caudoviricetes;;
k141_121093	3601	No terminal repeats	NA	4	11	0.8373	NA	0	1.7183	Viruses;Duplodnaviria;Heunggongvirae;Uroviricota;Caudoviricetes;;
k141_36539	3511	No terminal repeats	NA	3	11	0.8360	NA	0	1.6988	Viruses;Duplodnaviria;Heunggongvirae;Uroviricota;Caudoviricetes;;
k141_8203	1526	No terminal repeats	NA	2	11	0.8331	NA	1	3.4366	Viruses;Duplodnaviria;Heunggongvirae;Uroviricota;Caudoviricetes;Crassvirales;
k141_110698	1249	No terminal repeats	NA	2	11	0.8298	NA	1	1.7183	Viruses;Duplodnaviria;Heunggongvirae;Uroviricota;Caudoviricetes;;
k141_145186	1555	No terminal repeats	NA	2	11	0.8239	NA	1	1.4469	Viruses;Duplodnaviria;Heunggongvirae;Uroviricota;Caudoviricetes;;
k141_65180	3052	No terminal repeats	NA	1	11	0.8233	NA	0	0.9351	Viruses;Duplodnaviria;Heunggongvirae;Uroviricota;Caudoviricetes;;
k141_38795	1010	No terminal repeats	NA	4	11	0.8223	NA	1	3.4054	Viruses;Duplodnaviria;Heunggongvirae;Uroviricota;Caudoviricetes;;
k141_104544	3585	No terminal repeats	NA	4	11	0.8199	NA	1	3.2340	Viruses;Duplodnaviria;Heunggongvirae;Uroviricota;Caudoviricetes;;
k141_165279	1989	No terminal repeats	NA	1	11	0.8197	NA	1	1.3314	Viruses;Duplodnaviria;Heunggongvirae;Uroviricota;Caudoviricetes;;
k141_71038	3274	No terminal repeats	NA	4	11	0.8172	NA	0	1.4978	Viruses;Duplodnaviria;Heunggongvirae;Uroviricota;Caudoviricetes;;
k141_106886	3148	No terminal repeats	NA	9	11	0.8166	NA	0	0.0000	Unclassified
k141_41558	1689	No terminal repeats	NA	3	11	0.8149	NA	1	2.7211	Viruses;Duplodnaviria;Heunggongvirae;Uroviricota;Caudoviricetes;;
k141_58146	1272	No terminal repeats	NA	1	11	0.8146	NA	1	1.7133	Viruses;Duplodnaviria;Heunggongvirae;Uroviricota;Caudoviricetes;;
k141_24676	1279	No terminal repeats	NA	2	11	0.8143	NA	1	1.2271	Viruses;Duplodnaviria;Heunggongvirae;Uroviricota;Caudoviricetes;;
k141_11881	3046	No terminal repeats	NA	3	11	0.8099	NA	0	2.0113	Viruses;Duplodnaviria;Heunggongvirae;Uroviricota;Caudoviricetes;;
k141_22941	2663	No terminal repeats	NA	4	11	0.8082	NA	0	2.8243	Viruses;Duplodnaviria;Heunggongvirae;Uroviricota;Caudoviricetes;;
k141_80557	10016	No terminal repeats	NA	9	11	0.8046	NA	0	0.4770	Viruses;Duplodnaviria;Heunggongvirae;Uroviricota;Caudoviricetes;;Autographiviridae
k141_22971	1087	No terminal repeats	NA	1	11	0.8025	NA	1	1.0580	Viruses;Duplodnaviria;Heunggongvirae;Uroviricota;Caudoviricetes;;
k141_6771	3539	No terminal repeats	NA	3	11	0.8021	NA	0	1.7150	Unclassified
k141_70984	2196	No terminal repeats	NA	4	11	0.8005	NA	1	2.6224	Viruses;Duplodnaviria;Heunggongvirae;Uroviricota;Caudoviricetes;;
k141_12599	1272	No terminal repeats	NA	3	11	0.7966	NA	1	1.5106	Viruses;Duplodnaviria;Heunggongvirae;Uroviricota;Caudoviricetes;;
k141_46966	2630	No terminal repeats	NA	2	11	0.7959	NA	0	1.7183	Viruses;Duplodnaviria;Heunggongvirae;Uroviricota;Caudoviricetes;;
k141_35779	2594	No terminal repeats	NA	3	11	0.7936	NA	0	1.7183	Viruses;Duplodnaviria;Heunggongvirae;Uroviricota;Caudoviricetes;;
k141_172964	1125	No terminal repeats	NA	1	11	0.7935	NA	1	1.7183	Viruses;Duplodnaviria;Heunggongvirae;Uroviricota;Caudoviricetes;;
k141_14885	5923	No terminal repeats	NA	1	11	0.7933	NA	0	0.0000	Unclassified
k141_57236	3119	No terminal repeats	NA	1	11	0.7908	NA	0	0.0000	Unclassified
k141_168163	3378	No terminal repeats	NA	5	11	0.7906	NA	0	2.8280	Viruses;Duplodnaviria;Heunggongvirae;Uroviricota;Caudoviricetes;;
k141_10078	2691	No terminal repeats	NA	4	11	0.7865	NA	0	0.0000	Unclassified
k141_163704	1167	No terminal repeats	NA	1	11	0.7858	NA	1	1.0580	Viruses;Duplodnaviria;Heunggongvirae;Uroviricota;Caudoviricetes;;
k141_177750	5024	DTR	NA	2	11	0.7812	NA	0	0.0000	Unclassified
k141_153920	1038	No terminal repeats	NA	1	11	0.7807	NA	1	1.2306	Viruses;Duplodnaviria;Heunggongvirae;Uroviricota;Caudoviricetes;;
k141_32748	2219	No terminal repeats	NA	2	11	0.7759	NA	1	1.5813	Viruses;Duplodnaviria;Heunggongvirae;Uroviricota;Caudoviricetes;;
k141_94647	4019	No terminal repeats	NA	1	11	0.7701	NA	0	0.0000	Unclassified
k141_34629	1148	No terminal repeats	NA	1	11	0.7681	NA	1	1.4825	Viruses;Duplodnaviria;Heunggongvirae;Uroviricota;Caudoviricetes;;
k141_161252	3383	No terminal repeats	NA	2	11	0.7665	NA	0	1.5814	Viruses;Duplodnaviria;Heunggongvirae;Uroviricota;Caudoviricetes;;
k141_49684	1034	No terminal repeats	NA	2	11	0.7562	NA	1	1.2306	Viruses;Duplodnaviria;Heunggongvirae;Uroviricota;Caudoviricetes;;
k141_96907	1645	No terminal repeats	NA	2	11	0.7547	NA	1	1.5052	Viruses;Duplodnaviria;Heunggongvirae;Uroviricota;Caudoviricetes;;
k141_125853	4023	No terminal repeats	NA	8	11	0.7479	NA	0	0.0000	Unclassified
k141_91973	1540	No terminal repeats	NA	4	11	0.7465	NA	1	2.3833	Viruses;Duplodnaviria;Heunggongvirae;Uroviricota;Caudoviricetes;;
k141_145200	5698	No terminal repeats	NA	1	11	0.7432	NA	0	0.0000	Unclassified
k141_150727	3316	No terminal repeats	NA	6	11	0.7431	NA	0	2.5991	Unclassified
k141_93277	1008	No terminal repeats	NA	1	11	0.7395	NA	1	1.0514	Viruses;Duplodnaviria;Heunggongvirae;Uroviricota;Caudoviricetes;;
k141_27756	2674	No terminal repeats	NA	1	11	0.7387	NA	0	0.0000	Unclassified
k141_93160	3370	No terminal repeats	NA	2	11	0.7380	NA	0	0.0000	Unclassified
k141_107949	1837	No terminal repeats	NA	2	11	0.7372	NA	1	1.7183	Viruses;Duplodnaviria;Heunggongvirae;Uroviricota;Caudoviricetes;;
k141_65131	1096	No terminal repeats	NA	2	11	0.7358	NA	1	1.7127	Viruses;Duplodnaviria;Heunggongvirae;Uroviricota;Caudoviricetes;;
k141_150394	6242	No terminal repeats	NA	5	11	0.7321	NA	0	1.7114	Viruses;Varidnaviria;Bamfordvirae;Nucleocytoviricota;Megaviricetes;;
k141_22677	2673	No terminal repeats	NA	1	11	0.7321	NA	0	0.0000	Unclassified
k141_129762	1132	No terminal repeats	NA	2	11	0.7313	NA	1	1.2650	Viruses;Duplodnaviria;Heunggongvirae;Uroviricota;Caudoviricetes;;Schitoviridae
k141_140719	2702	No terminal repeats	NA	5	11	0.7274	NA	0	0.0000	Unclassified
k141_57516	3514	No terminal repeats	NA	5	11	0.7269	NA	1	1.2726	Viruses;Duplodnaviria;Heunggongvirae;Uroviricota;Caudoviricetes;;
k141_155297	1090	No terminal repeats	NA	2	11	0.7257	NA	2	2.1910	Viruses;Duplodnaviria;Heunggongvirae;Uroviricota;Caudoviricetes;;
k141_166635	1056	No terminal repeats	NA	1	11	0.7256	NA	1	1.7183	Viruses;Duplodnaviria;Heunggongvirae;Uroviricota;Caudoviricetes;;
k141_101252	4339	No terminal repeats	NA	3	11	0.7246	NA	0	1.6463	Viruses;Duplodnaviria;Heunggongvirae;Uroviricota;Caudoviricetes;;
k141_90516	2764	No terminal repeats	NA	1	11	0.7240	NA	0	0.0000	Unclassified
k141_165525	3223	No terminal repeats	NA	3	11	0.7225	NA	0	3.0675	Viruses;Duplodnaviria;Heunggongvirae;Uroviricota;Caudoviricetes;;
k141_133358	2607	No terminal repeats	NA	2	11	0.7168	NA	0	0.0000	Unclassified
k141_60352	1420	No terminal repeats	NA	2	11	0.7118	NA	1	1.7183	Viruses;Duplodnaviria;Heunggongvirae;Uroviricota;Caudoviricetes;;
k141_65658	3817	No terminal repeats	NA	1	11	0.7118	NA	0	0.0000	Unclassified
k141_135286	1076	No terminal repeats	NA	2	11	0.7112	NA	1	1.7115	Viruses;Duplodnaviria;Heunggongvirae;Uroviricota;Caudoviricetes;;
k141_56373	3410	No terminal repeats	NA	6	4	0.7092	NA	0	1.1985	Viruses;Duplodnaviria;Heunggongvirae;Uroviricota;Caudoviricetes;;
k141_176414	1164	No terminal repeats	NA	2	11	0.7089	NA	1	1.2802	Viruses;Duplodnaviria;Heunggongvirae;Uroviricota;Caudoviricetes;;
k141_119787	3084	No terminal repeats	NA	2	11	0.7076	NA	0	0.0000	Unclassified
k141_99881	2603	No terminal repeats	NA	1	11	0.7048	NA	0	0.0000	Unclassified
k141_150553	1063	No terminal repeats	NA	2	11	0.7045	NA	1	1.7137	Viruses;Duplodnaviria;Heunggongvirae;Uroviricota;Caudoviricetes;;
k141_175663	2547	No terminal repeats	NA	1	11	0.7025	NA	0	0.0000	Unclassified
k141_171678	2574	No terminal repeats	NA	4	11	0.7016	NA	0	0.0000	Unclassified
