set	sample_id	contig_id	ORF_ID	Best_Hit_ARO	ARO	Cut_Off	Best_Identities	Percentage_Length_of_Reference_Sequence	Drug_Class	Resistance_Mechanism	AMR_Gene_Family	Antibiotic	matched_to_genomad	genomad_context	chromosome_score	plasmid_score	virus_score
RM2016_clean21_plus_USA_chicago_11	ERR1725966	k141_84633	k141_84633_8 # 6972 # 8456 # 1 # ID=1499_8;partial=00;start_type=ATG;rbs_motif=AGGAGG;rbs_spacer=5-10bp;gc_cont=0.325	lsaE	3003206	Strict	96.56	100.0	lincosamide antibiotic; streptogramin antibiotic; pleuromutilin antibiotic	antibiotic target protection	lsa-type ABC-F protein	lincomycin; pleuromutilin	False	chromosome_like	1		
RM2016_clean21_plus_USA_chicago_11	ERR1725966	k141_84633	k141_84633_9 # 8466 # 9311 # 1 # ID=1499_9;partial=00;start_type=TTG;rbs_motif=GGA/GAG/AGG;rbs_spacer=5-10bp;gc_cont=0.322	lnuB	3002836	Strict	95.13	105.24	lincosamide antibiotic	antibiotic inactivation	lincosamide nucleotidyltransferase (LNU)	lincomycin; clindamycin	False	chromosome_like	1		
RM2016_clean21_plus_USA_chicago_11	ERR1725966	k141_126818	k141_126818_2 # 237 # 1328 # 1 # ID=2197_2;partial=00;start_type=ATG;rbs_motif=AGGAG;rbs_spacer=5-10bp;gc_cont=0.431	vanT gene in vanG cluster	3002972	Strict	34.51	50.98	glycopeptide antibiotic	antibiotic target alteration	glycopeptide resistance gene cluster; vanT	vancomycin	False	chromosome_like	1		
RM2016_clean21_plus_USA_chicago_11	ERR1725966	k141_1296	k141_1296_2 # 629 # 1093 # -1 # ID=2396_2;partial=01;start_type=Edge;rbs_motif=None;rbs_spacer=None;gc_cont=0.656	FosI	3007370	Strict	72.52	114.93	phosphonic acid antibiotic	antibiotic inactivation	fosfomycin thiol transferase	fosfomycin	False	chromosome_like	1		
RM2016_clean21_plus_USA_chicago_11	ERR1725966	k141_85119	k141_85119_1 # 250 # 1050 # 1 # ID=2498_1;partial=00;start_type=ATG;rbs_motif=AGxAG;rbs_spacer=5-10bp;gc_cont=0.419	OXA-10	3001405	Perfect	100.0	100.0	carbapenem; cephalosporin; penam	antibiotic inactivation	OXA beta-lactamase	cloxacillin; oxacillin; cefalotin	False	chromosome_like	1		
RM2016_clean21_plus_USA_chicago_11	ERR1725966	k141_148359	k141_148359_2 # 518 # 847 # -1 # ID=3460_2;partial=00;start_type=ATG;rbs_motif=AATAA;rbs_spacer=6bp;gc_cont=0.294	qacJ	3007014	Strict	51.89	101.87	disinfecting agents and antiseptics	antibiotic efflux	small multidrug resistance (SMR) antibiotic efflux pump	benzalkonium chloride	False	chromosome_like	1		
RM2016_clean21_plus_USA_chicago_11	ERR1725966	k141_148381	k141_148381_2 # 1386 # 2270 # 1 # ID=3501_2;partial=00;start_type=ATG;rbs_motif=None;rbs_spacer=None;gc_cont=0.368	mphG	3003742	Strict	99.32	100.0	macrolide antibiotic	antibiotic inactivation	macrolide phosphotransferase (MPH)	erythromycin; clarithromycin; azithromycin	False	chromosome_like	1		
RM2016_clean21_plus_USA_chicago_11	ERR1725966	k141_127608	k141_127608_9 # 7113 # 9560 # 1 # ID=3549_9;partial=00;start_type=ATG;rbs_motif=AATAA;rbs_spacer=7bp;gc_cont=0.304	vanT gene in vanG cluster	3002972	Strict	34.57	114.47	glycopeptide antibiotic	antibiotic target alteration	glycopeptide resistance gene cluster; vanT	vancomycin	False	chromosome_like	1		
RM2016_clean21_plus_USA_chicago_11	ERR1725966	k141_2052	k141_2052_2 # 740 # 1447 # 1 # ID=3770_2;partial=00;start_type=ATG;rbs_motif=TAA;rbs_spacer=12bp;gc_cont=0.319	vanW gene in vanG cluster	3002965	Strict	28.57	83.63	glycopeptide antibiotic	antibiotic target alteration	vanW; glycopeptide resistance gene cluster	vancomycin	False	chromosome_like	1		
RM2016_clean21_plus_USA_chicago_11	ERR1725966	k141_44110	k141_44110_2 # 523 # 1716 # -1 # ID=4325_2;partial=00;start_type=ATG;rbs_motif=AGGA/GGAG/GAGG;rbs_spacer=11-12bp;gc_cont=0.351	mefJ	3007049	Strict	99.75	100.0	macrolide antibiotic	antibiotic efflux	major facilitator superfamily (MFS) antibiotic efflux pump		True	plasmid_like		0.9592	
RM2016_clean21_plus_USA_chicago_11	ERR1725966	k141_23297	k141_23297_2 # 375 # 1700 # 1 # ID=4353_2;partial=01;start_type=ATG;rbs_motif=AGGAG;rbs_spacer=5-10bp;gc_cont=0.328	lsaE	3003206	Strict	97.29	89.47	lincosamide antibiotic; streptogramin antibiotic; pleuromutilin antibiotic	antibiotic target protection	lsa-type ABC-F protein	lincomycin; pleuromutilin	False	chromosome_like	1		
RM2016_clean21_plus_USA_chicago_11	ERR1725966	k141_108172	k141_108172_12 # 9105 # 9923 # 1 # ID=6384_12;partial=00;start_type=ATG;rbs_motif=None;rbs_spacer=None;gc_cont=0.333	vanW gene in vanG cluster	3002965	Strict	34.7	96.8	glycopeptide antibiotic	antibiotic target alteration	vanW; glycopeptide resistance gene cluster	vancomycin	False	chromosome_like	1		
RM2016_clean21_plus_USA_chicago_11	ERR1725966	k141_25536	k141_25536_3 # 417 # 749 # 1 # ID=7990_3;partial=00;start_type=ATG;rbs_motif=GGA/GAG/AGG;rbs_spacer=5-10bp;gc_cont=0.532	qacJ	3007014	Strict	36.54	102.8	disinfecting agents and antiseptics	antibiotic efflux	small multidrug resistance (SMR) antibiotic efflux pump	benzalkonium chloride	False	chromosome_like	1		
RM2016_clean21_plus_USA_chicago_11	ERR1725966	k141_4450	k141_4450_4 # 2228 # 2920 # 1 # ID=8468_4;partial=00;start_type=ATG;rbs_motif=TAA;rbs_spacer=7bp;gc_cont=0.309	vanW gene in vanG cluster	3002965	Strict	36.08	81.85	glycopeptide antibiotic	antibiotic target alteration	vanW; glycopeptide resistance gene cluster	vancomycin	False	chromosome_like	1		
RM2016_clean21_plus_USA_chicago_11	ERR1725966	k141_88708	k141_88708_1 # 3 # 1046 # -1 # ID=8745_1;partial=10;start_type=ATG;rbs_motif=AGGAGG;rbs_spacer=5-10bp;gc_cont=0.398	tet(O)	3000190	Strict	91.95	54.46	tetracycline antibiotic	antibiotic target protection	tetracycline-resistant ribosomal protection protein	tetracycline; doxycycline; minocycline; chlortetracycline; demeclocycline; oxytetracycline	False	chromosome_like	1		
RM2016_clean21_plus_USA_chicago_11	ERR1725966	k141_109979	k141_109979_1 # 337 # 1125 # 1 # ID=9351_1;partial=00;start_type=ATG;rbs_motif=GGAG/GAGG;rbs_spacer=5-10bp;gc_cont=0.444	aadA27	3004682	Perfect	100.0	100.0	aminoglycoside antibiotic	antibiotic inactivation	ANT(3'')	spectinomycin; streptomycin	True	plasmid_like		0.9948	
RM2016_clean21_plus_USA_chicago_11	ERR1725966	k141_132335	k141_132335_1 # 227 # 559 # -1 # ID=11419_1;partial=00;start_type=ATG;rbs_motif=GGAG/GAGG;rbs_spacer=5-10bp;gc_cont=0.459	qacE	3005009	Strict	99.09	100.0	disinfecting agents and antiseptics	antibiotic efflux	major facilitator superfamily (MFS) antibiotic efflux pump		False	chromosome_like	1		
RM2016_clean21_plus_USA_chicago_11	ERR1725966	k141_132335	k141_132335_2 # 723 # 1529 # -1 # ID=11419_2;partial=01;start_type=Edge;rbs_motif=None;rbs_spacer=None;gc_cont=0.525	ANT(3'')-IIa	3004089	Strict	97.74	82.97	aminoglycoside antibiotic	antibiotic inactivation	ANT(3'')	spectinomycin; streptomycin	False	chromosome_like	1		
RM2016_clean21_plus_USA_chicago_11	ERR1725966	k141_70177	k141_70177_2 # 244 # 1074 # -1 # ID=12740_2;partial=00;start_type=ATG;rbs_motif=None;rbs_spacer=None;gc_cont=0.449	vanY gene in vanB cluster	3002956	Strict	31.01	102.99	glycopeptide antibiotic	antibiotic target alteration	vanY; glycopeptide resistance gene cluster	vancomycin	False	chromosome_like	1		
RM2016_clean21_plus_USA_chicago_11	ERR1725966	k141_49000	k141_49000_3 # 784 # 3228 # -1 # ID=13033_3;partial=00;start_type=TTG;rbs_motif=TAA;rbs_spacer=8bp;gc_cont=0.344	vanT gene in vanG cluster	3002972	Strict	34.48	114.33	glycopeptide antibiotic	antibiotic target alteration	glycopeptide resistance gene cluster; vanT	vancomycin	False	chromosome_like	1		
RM2016_clean21_plus_USA_chicago_11	ERR1725966	k141_153852	k141_153852_2 # 371 # 1222 # 1 # ID=13262_2;partial=00;start_type=ATG;rbs_motif=GGAG/GAGG;rbs_spacer=5-10bp;gc_cont=0.481	vanY gene in vanB cluster	3002956	Strict	37.93	105.6	glycopeptide antibiotic	antibiotic target alteration	vanY; glycopeptide resistance gene cluster	vancomycin	False	chromosome_like	1		
RM2016_clean21_plus_USA_chicago_11	ERR1725966	k141_49499	k141_49499_3 # 1636 # 3327 # -1 # ID=13731_3;partial=00;start_type=ATG;rbs_motif=GGA/GAG/AGG;rbs_spacer=5-10bp;gc_cont=0.460	ICR-Mo	3004569	Strict	96.27	100.9	peptide antibiotic	antibiotic target alteration	intrinsic colistin resistant phosphoethanolamine transferase	colistin A; colistin B	False	chromosome_like	1		
RM2016_clean21_plus_USA_chicago_11	ERR1725966	k141_91584	k141_91584_28 # 29189 # 30304 # -1 # ID=13779_28;partial=00;start_type=ATG;rbs_motif=None;rbs_spacer=None;gc_cont=0.403	vanT gene in vanG cluster	3002972	Strict	31.52	52.11	glycopeptide antibiotic	antibiotic target alteration	glycopeptide resistance gene cluster; vanT	vancomycin	False	chromosome_like	1		
RM2016_clean21_plus_USA_chicago_11	ERR1725966	k141_134931	k141_134931_2 # 488 # 1339 # 1 # ID=16000_2;partial=00;start_type=ATG;rbs_motif=GGAG/GAGG;rbs_spacer=5-10bp;gc_cont=0.459	vanY gene in vanG cluster	3002959	Strict	39.6	101.43	glycopeptide antibiotic	antibiotic target alteration	vanY; glycopeptide resistance gene cluster	vancomycin	False	chromosome_like	1		
RM2016_clean21_plus_USA_chicago_11	ERR1725966	k141_72452	k141_72452_1 # 59 # 877 # -1 # ID=16367_1;partial=00;start_type=ATG;rbs_motif=TAA;rbs_spacer=3bp;gc_cont=0.300	vanW gene in vanG cluster	3002965	Strict	36.68	96.8	glycopeptide antibiotic	antibiotic target alteration	vanW; glycopeptide resistance gene cluster	vancomycin	False	chromosome_like	1		
RM2016_clean21_plus_USA_chicago_11	ERR1725966	k141_155707	k141_155707_2 # 924 # 1703 # -1 # ID=16816_2;partial=01;start_type=Edge;rbs_motif=None;rbs_spacer=None;gc_cont=0.318	EreD	3004608	Strict	99.23	63.48	macrolide antibiotic	antibiotic inactivation	macrolide esterase	erythromycin	False	chromosome_like	1		
RM2016_clean21_plus_USA_chicago_11	ERR1725966	k141_9241	k141_9241_2 # 958 # 2145 # 1 # ID=16863_2;partial=00;start_type=GTG;rbs_motif=AGxAGG/AGGxGG;rbs_spacer=5-10bp;gc_cont=0.406	tet(39)	3000566	Perfect	100.0	100.0	tetracycline antibiotic	antibiotic efflux	major facilitator superfamily (MFS) antibiotic efflux pump	tetracycline	False	chromosome_like	1		
RM2016_clean21_plus_USA_chicago_11	ERR1725966	k141_73063	k141_73063_2 # 982 # 1866 # -1 # ID=17411_2;partial=00;start_type=ATG;rbs_motif=TAA;rbs_spacer=12bp;gc_cont=0.365	mphE	3003741	Perfect	100.0	100.0	macrolide antibiotic	antibiotic inactivation	macrolide phosphotransferase (MPH)	erythromycin	False	chromosome_like	1		
RM2016_clean21_plus_USA_chicago_11	ERR1725966	k141_73063	k141_73063_3 # 1922 # 3397 # -1 # ID=17411_3;partial=00;start_type=ATG;rbs_motif=TAAA;rbs_spacer=5bp;gc_cont=0.399	msrE	3003109	Perfect	100.0	100.0	macrolide antibiotic; streptogramin antibiotic	antibiotic target protection	msr-type ABC-F protein	erythromycin	False	chromosome_like	1		
RM2016_clean21_plus_USA_chicago_11	ERR1725966	k141_135810	k141_135810_2 # 1616 # 4738 # -1 # ID=17585_2;partial=00;start_type=ATG;rbs_motif=TAA;rbs_spacer=15bp;gc_cont=0.405	adeF	3000777	Strict	42.6	98.21	fluoroquinolone antibiotic; tetracycline antibiotic	antibiotic efflux	resistance-nodulation-cell division (RND) antibiotic efflux pump	tetracycline	False	chromosome_like	1		
RM2016_clean21_plus_USA_chicago_11	ERR1725966	k141_156826	k141_156826_2 # 132 # 1016 # 1 # ID=18638_2;partial=00;start_type=ATG;rbs_motif=AAAA;rbs_spacer=11bp;gc_cont=0.376	mphG	3003742	Strict	89.46	100.0	macrolide antibiotic	antibiotic inactivation	macrolide phosphotransferase (MPH)	erythromycin; clarithromycin; azithromycin	True	plasmid_like		0.935	
RM2016_clean21_plus_USA_chicago_11	ERR1725966	k141_74700	k141_74700_2 # 637 # 972 # -1 # ID=19845_2;partial=00;start_type=ATG;rbs_motif=GGAG/GAGG;rbs_spacer=5-10bp;gc_cont=0.571	qacG	3007015	Strict	41.35	103.74	disinfecting agents and antiseptics	antibiotic efflux	small multidrug resistance (SMR) antibiotic efflux pump	benzalkonium chloride	False	chromosome_like	1		
RM2016_clean21_plus_USA_chicago_11	ERR1725966	k141_137606	k141_137606_1 # 130 # 975 # 1 # ID=20396_1;partial=00;start_type=ATG;rbs_motif=None;rbs_spacer=None;gc_cont=0.538	aadA6	3002606	Perfect	100.0	100.0	aminoglycoside antibiotic	antibiotic inactivation	ANT(3'')	spectinomycin; streptomycin	False	chromosome_like	1		
RM2016_clean21_plus_USA_chicago_11	ERR1725966	k141_12225	k141_12225_15 # 15741 # 16811 # 1 # ID=22115_15;partial=00;start_type=ATG;rbs_motif=AGGAG;rbs_spacer=5-10bp;gc_cont=0.290	vanT gene in vanG cluster	3002972	Strict	34.07	50.0	glycopeptide antibiotic	antibiotic target alteration	glycopeptide resistance gene cluster; vanT	vancomycin	False	chromosome_like	1		
RM2016_clean21_plus_USA_chicago_11	ERR1725966	k141_33955	k141_33955_1 # 39 # 2489 # 1 # ID=22135_1;partial=00;start_type=ATG;rbs_motif=AATAA;rbs_spacer=6bp;gc_cont=0.309	vanT gene in vanG cluster	3002972	Strict	33.06	114.61	glycopeptide antibiotic	antibiotic target alteration	glycopeptide resistance gene cluster; vanT	vancomycin	False	chromosome_like	1		
RM2016_clean21_plus_USA_chicago_11	ERR1725966	k141_159410	k141_159410_3 # 1493 # 3412 # -1 # ID=23010_3;partial=00;start_type=ATG;rbs_motif=GGAGG;rbs_spacer=5-10bp;gc_cont=0.531	tet(W)	3000194	Perfect	100.0	100.0	tetracycline antibiotic	antibiotic target protection	tetracycline-resistant ribosomal protection protein	tetracycline; doxycycline; minocycline; chlortetracycline; demeclocycline; oxytetracycline	False	chromosome_like	1		
RM2016_clean21_plus_USA_chicago_11	ERR1725966	k141_118414	k141_118414_1 # 154 # 1038 # -1 # ID=23400_1;partial=00;start_type=ATG;rbs_motif=AAAA;rbs_spacer=11bp;gc_cont=0.391	mphG	3003742	Strict	87.76	100.0	macrolide antibiotic	antibiotic inactivation	macrolide phosphotransferase (MPH)	erythromycin; clarithromycin; azithromycin	False	chromosome_like	1		
RM2016_clean21_plus_USA_chicago_11	ERR1725966	k141_98265	k141_98265_5 # 2906 # 6067 # -1 # ID=24420_5;partial=00;start_type=ATG;rbs_motif=GGAG/GAGG;rbs_spacer=5-10bp;gc_cont=0.617	adeF	3000777	Strict	42.61	99.43	fluoroquinolone antibiotic; tetracycline antibiotic	antibiotic efflux	resistance-nodulation-cell division (RND) antibiotic efflux pump	tetracycline	False	chromosome_like	1		
RM2016_clean21_plus_USA_chicago_11	ERR1725966	k141_55733	k141_55733_2 # 288 # 1355 # -1 # ID=24425_2;partial=00;start_type=ATG;rbs_motif=AGGAG;rbs_spacer=5-10bp;gc_cont=0.331	vanT gene in vanG cluster	3002972	Strict	33.24	49.86	glycopeptide antibiotic	antibiotic target alteration	glycopeptide resistance gene cluster; vanT	vancomycin	False	chromosome_like	1		
RM2016_clean21_plus_USA_chicago_11	ERR1725966	k141_140026	k141_140026_4 # 3083 # 6238 # 1 # ID=24550_4;partial=00;start_type=ATG;rbs_motif=GGAG/GAGG;rbs_spacer=5-10bp;gc_cont=0.609	adeF	3000777	Strict	43.47	99.24	fluoroquinolone antibiotic; tetracycline antibiotic	antibiotic efflux	resistance-nodulation-cell division (RND) antibiotic efflux pump	tetracycline	False	chromosome_like	1		
RM2016_clean21_plus_USA_chicago_11	ERR1725966	k141_119895	k141_119895_1 # 370 # 1107 # 1 # ID=25688_1;partial=00;start_type=ATG;rbs_motif=None;rbs_spacer=None;gc_cont=0.331	ErmB	3000375	Strict	97.96	98.79	macrolide antibiotic; lincosamide antibiotic; streptogramin antibiotic; streptogramin A antibiotic; streptogramin B antibiotic	antibiotic target alteration	Erm 23S ribosomal RNA methyltransferase	erythromycin; roxithromycin; lincomycin; telithromycin; clarithromycin; clindamycin; tylosin; spiramycin; azithromycin; dirithromycin; pristinamycin IA; quinupristin; virginiamycin M1; madumycin II; griseoviridin; dalfopristin; pristinamycin IB; virginiamycin S2; pristinamycin IC; vernamycin C; patricin A; patricin B; ostreogrycin B3; oleandomycin	False	chromosome_like	1		
RM2016_clean21_plus_USA_chicago_11	ERR1725966	k141_99941	k141_99941_4 # 1558 # 2256 # 1 # ID=26787_4;partial=01;start_type=GTG;rbs_motif=GGA/GAG/AGG;rbs_spacer=5-10bp;gc_cont=0.338	vanW gene in vanG cluster	3002965	Strict	29.02	82.92	glycopeptide antibiotic	antibiotic target alteration	vanW; glycopeptide resistance gene cluster	vancomycin	False	chromosome_like	1		
RM2016_clean21_plus_USA_chicago_11	ERR1725966	k141_141809	k141_141809_5 # 4416 # 7616 # 1 # ID=27337_5;partial=00;start_type=ATG;rbs_motif=GGAGG;rbs_spacer=5-10bp;gc_cont=0.545	adeF	3000777	Strict	41.8	100.66	fluoroquinolone antibiotic; tetracycline antibiotic	antibiotic efflux	resistance-nodulation-cell division (RND) antibiotic efflux pump	tetracycline	False	chromosome_like	1		
RM2016_clean21_plus_USA_chicago_11	ERR1725966	k141_15588	k141_15588_2 # 391 # 714 # -1 # ID=27731_2;partial=00;start_type=ATG;rbs_motif=TAA;rbs_spacer=4bp;gc_cont=0.370	qacJ	3007014	Strict	53.27	100.0	disinfecting agents and antiseptics	antibiotic efflux	small multidrug resistance (SMR) antibiotic efflux pump	benzalkonium chloride	False	chromosome_like	1		
RM2016_clean21_plus_USA_chicago_11	ERR1725966	k141_163211	k141_163211_2 # 620 # 952 # 1 # ID=28968_2;partial=00;start_type=GTG;rbs_motif=AGGAG;rbs_spacer=5-10bp;gc_cont=0.508	qacL	3005098	Strict	99.09	100.0	disinfecting agents and antiseptics	antibiotic efflux	small multidrug resistance (SMR) antibiotic efflux pump		False	chromosome_like	1		
RM2016_clean21_plus_USA_chicago_11	ERR1725966	k141_143099	k141_143099_7 # 4932 # 5732 # 1 # ID=29351_7;partial=00;start_type=ATG;rbs_motif=GGAG/GAGG;rbs_spacer=5-10bp;gc_cont=0.407	vanY gene in vanM cluster	3002961	Strict	28.28	114.16	glycopeptide antibiotic	antibiotic target alteration	vanY; glycopeptide resistance gene cluster	vancomycin; teicoplanin	False	chromosome_like	1		
RM2016_clean21_plus_USA_chicago_11	ERR1725966	k141_143122	k141_143122_5 # 2636 # 5080 # -1 # ID=29406_5;partial=00;start_type=TTG;rbs_motif=None;rbs_spacer=None;gc_cont=0.326	vanT gene in vanG cluster	3002972	Strict	36.8	114.33	glycopeptide antibiotic	antibiotic target alteration	glycopeptide resistance gene cluster; vanT	vancomycin	False	chromosome_like	1		
RM2016_clean21_plus_USA_chicago_11	ERR1725966	k141_143432	k141_143432_2 # 1906 # 2886 # -1 # ID=29871_2;partial=01;start_type=Edge;rbs_motif=None;rbs_spacer=None;gc_cont=0.328	vanW gene in vanI cluster	3003724	Strict	32.07	87.4	glycopeptide antibiotic	antibiotic target alteration	vanW; glycopeptide resistance gene cluster	vancomycin; teicoplanin	False	chromosome_like	1		
RM2016_clean21_plus_USA_chicago_11	ERR1725966	k141_17688	k141_17688_1 # 137 # 925 # 1 # ID=31054_1;partial=00;start_type=ATG;rbs_motif=GGA/GAG/AGG;rbs_spacer=11-12bp;gc_cont=0.582	aadA5	3002605	Perfect	100.0	100.0	aminoglycoside antibiotic	antibiotic inactivation	ANT(3'')	spectinomycin; streptomycin	False	chromosome_like	1		
RM2016_clean21_plus_USA_chicago_11	ERR1725966	k141_123414	k141_123414_1 # 3 # 1739 # 1 # ID=31101_1;partial=11;start_type=Edge;rbs_motif=None;rbs_spacer=None;gc_cont=0.648	adeF	3000777	Strict	69.43	54.67	fluoroquinolone antibiotic; tetracycline antibiotic	antibiotic efflux	resistance-nodulation-cell division (RND) antibiotic efflux pump	tetracycline	False	chromosome_like	1		
RM2016_clean21_plus_USA_chicago_11	ERR1725966	k141_144570	k141_144570_1 # 1 # 1410 # 1 # ID=31625_1;partial=10;start_type=Edge;rbs_motif=None;rbs_spacer=None;gc_cont=0.316	vanT gene in vanG cluster	3002972	Strict	36.65	65.87	glycopeptide antibiotic	antibiotic target alteration	glycopeptide resistance gene cluster; vanT	vancomycin	False	chromosome_like	1		
RM2016_clean21_plus_USA_chicago_11	ERR1725966	k141_144865	k141_144865_6 # 3757 # 6201 # 1 # ID=32056_6;partial=00;start_type=TTG;rbs_motif=TAA;rbs_spacer=8bp;gc_cont=0.344	vanT gene in vanG cluster	3002972	Strict	34.32	114.33	glycopeptide antibiotic	antibiotic target alteration	glycopeptide resistance gene cluster; vanT	vancomycin	False	chromosome_like	1		
RM2016_clean21_plus_USA_chicago_11	ERR1725966	k141_103463	k141_103463_1 # 2 # 289 # -1 # ID=32293_1;partial=10;start_type=ATG;rbs_motif=None;rbs_spacer=None;gc_cont=0.385	qacJ	3007014	Strict	45.78	89.72	disinfecting agents and antiseptics	antibiotic efflux	small multidrug resistance (SMR) antibiotic efflux pump	benzalkonium chloride	False	chromosome_like	1		
RM2016_clean21_plus_USA_chicago_11	ERR1725966	k141_40596	k141_40596_2 # 636 # 956 # -1 # ID=32328_2;partial=00;start_type=ATG;rbs_motif=None;rbs_spacer=None;gc_cont=0.324	qacG	3007015	Strict	49.44	99.07	disinfecting agents and antiseptics	antibiotic efflux	small multidrug resistance (SMR) antibiotic efflux pump	benzalkonium chloride	False	chromosome_like	1		
RM2016_clean21_plus_USA_chicago_11	ERR1725966	k141_61623	k141_61623_1 # 478 # 1161 # -1 # ID=33313_1;partial=01;start_type=Edge;rbs_motif=None;rbs_spacer=None;gc_cont=0.428	tet(O)	3000190	Strict	98.68	35.52	tetracycline antibiotic	antibiotic target protection	tetracycline-resistant ribosomal protection protein	tetracycline; doxycycline; minocycline; chlortetracycline; demeclocycline; oxytetracycline	False	chromosome_like	1		
RM2016_clean21_plus_USA_chicago_11	ERR1725966	k141_83127	k141_83127_3 # 1330 # 2301 # 1 # ID=33519_3;partial=00;start_type=ATG;rbs_motif=AGGAG;rbs_spacer=5-10bp;gc_cont=0.499	vanH gene in vanM cluster	3002947	Strict	38.06	99.08	glycopeptide antibiotic	antibiotic target alteration	vanH; glycopeptide resistance gene cluster	vancomycin; teicoplanin	False	chromosome_like	1		
RM2016_clean21_plus_USA_chicago_11	ERR1725966	k141_19326	k141_19326_2 # 1079 # 3130 # -1 # ID=33584_2;partial=01;start_type=Edge;rbs_motif=None;rbs_spacer=None;gc_cont=0.331	vanT gene in vanG cluster	3002972	Strict	35.53	95.93	glycopeptide antibiotic	antibiotic target alteration	glycopeptide resistance gene cluster; vanT	vancomycin	False	chromosome_like	1		
RM2016_clean21_plus_USA_chicago_11	ERR1725966	k141_124846	k141_124846_2 # 440 # 1126 # 1 # ID=33593_2;partial=01;start_type=ATG;rbs_motif=GGA/GAG/AGG;rbs_spacer=5-10bp;gc_cont=0.429	vanW gene in vanG cluster	3002965	Strict	32.59	81.49	glycopeptide antibiotic	antibiotic target alteration	vanW; glycopeptide resistance gene cluster	vancomycin	False	chromosome_like	1		
RM2016_clean21_plus_USA_chicago_11	ERR1725966	k141_145939	k141_145939_1 # 305 # 1159 # 1 # ID=33797_1;partial=00;start_type=ATG;rbs_motif=GGA/GAG/AGG;rbs_spacer=5-10bp;gc_cont=0.414	OXA-296	3001751	Strict	95.77	100.0	carbapenem; cephalosporin; penam	antibiotic inactivation	OXA beta-lactamase	cloxacillin; oxacillin; cefalotin	False	chromosome_like	1		
RM2016_clean21_plus_USA_chicago_11	ERR1725966	k141_167018	k141_167018_1 # 1 # 327 # -1 # ID=34800_1;partial=10;start_type=ATG;rbs_motif=AGGA;rbs_spacer=5-10bp;gc_cont=0.398	qacJ	3007014	Strict	45.54	101.87	disinfecting agents and antiseptics	antibiotic efflux	small multidrug resistance (SMR) antibiotic efflux pump	benzalkonium chloride	False	chromosome_like	1		
